cober;gesso;prof;varie;bloc;tens;umid
Millet;0;0-0.05;Pérola;1;0;0.4882
Millet;0;0-0.05;Pérola;2;0;0.4334
Millet;0;0-0.05;Pérola;3;0;0.3425
Millet;0;0-0.05;Pérola;4;0;0.4152
Millet;0;0-0.05;Pérola;1;1;0.4893
Millet;0;0-0.05;Pérola;2;1;0.4158
Millet;0;0-0.05;Pérola;3;1;0.3463
Millet;0;0-0.05;Pérola;4;1;0.398
Millet;0;0-0.05;Pérola;1;2;0.4114
Millet;0;0-0.05;Pérola;2;2;0.3603
Millet;0;0-0.05;Pérola;3;2;0.3409
Millet;0;0-0.05;Pérola;4;2;0.3599
Millet;0;0-0.05;Pérola;1;4;0.2716
Millet;0;0-0.05;Pérola;2;4;0.2677
Millet;0;0-0.05;Pérola;3;4;0.2943
Millet;0;0-0.05;Pérola;4;4;0.2711
Millet;0;0-0.05;Pérola;1;6;0.2144
Millet;0;0-0.05;Pérola;2;6;0.2161
Millet;0;0-0.05;Pérola;3;6;0.2509
Millet;0;0-0.05;Pérola;4;6;0.2245
Millet;0;0-0.05;Pérola;1;8;0.1822
Millet;0;0-0.05;Pérola;2;8;0.1948
Millet;0;0-0.05;Pérola;3;8;0.2143
Millet;0;0-0.05;Pérola;4;8;0.2004
Millet;0;0-0.05;Pérola;1;9;0.1746
Millet;0;0-0.05;Pérola;2;9;0.1827
Millet;0;0-0.05;Pérola;3;9;0.2027
Millet;0;0-0.05;Pérola;4;9;0.1897
Millet;0;0-0.05;Pérola;1;10;0.14
Millet;0;0-0.05;Pérola;2;10;0.1729
Millet;0;0-0.05;Pérola;3;10;0.1941
Millet;0;0-0.05;Pérola;4;10;0.1811
Millet;0;0-0.05;Pérola;1;33;0.099
Millet;0;0-0.05;Pérola;2;33;0.1222
Millet;0;0-0.05;Pérola;3;33;0.1288
Millet;0;0-0.05;Pérola;4;33;0.128
Millet;0;0-0.05;Pérola;1;66;0.0922
Millet;0;0-0.05;Pérola;2;66;0.1063
Millet;0;0-0.05;Pérola;3;66;0.124
Millet;0;0-0.05;Pérola;4;66;0.1275
Millet;0;0-0.05;Pérola;1;100;0.0909
Millet;0;0-0.05;Pérola;2;100;0.1004
Millet;0;0-0.05;Pérola;3;100;0.1171
Millet;0;0-0.05;Pérola;4;100;0.1252
Millet;0;0-0.05;Pérola;1;300;0.0881
Millet;0;0-0.05;Pérola;2;300;0.0991
Millet;0;0-0.05;Pérola;3;300;0.1363
Millet;0;0-0.05;Pérola;4;300;0.1008
Millet;0;0-0.05;Pérola;1;1500;0.0835
Millet;0;0-0.05;Pérola;2;1500;0.104
Millet;0;0-0.05;Pérola;3;1500;0.1407
Millet;0;0-0.05;Pérola;4;1500;0.074
Millet;0;0-0.05;Smooth cayenne;1;0;0.3821
Millet;0;0-0.05;Smooth cayenne;2;0;0.4367
Millet;0;0-0.05;Smooth cayenne;3;0;0.4027
Millet;0;0-0.05;Smooth cayenne;4;0;0.4059
Millet;0;0-0.05;Smooth cayenne;1;1;0.3647
Millet;0;0-0.05;Smooth cayenne;2;1;0.4021
Millet;0;0-0.05;Smooth cayenne;3;1;0.3539
Millet;0;0-0.05;Smooth cayenne;4;1;0.4057
Millet;0;0-0.05;Smooth cayenne;1;2;0.3508
Millet;0;0-0.05;Smooth cayenne;2;2;0.3635
Millet;0;0-0.05;Smooth cayenne;3;2;0.3373
Millet;0;0-0.05;Smooth cayenne;4;2;0.389
Millet;0;0-0.05;Smooth cayenne;1;4;0.2699
Millet;0;0-0.05;Smooth cayenne;2;4;0.2689
Millet;0;0-0.05;Smooth cayenne;3;4;0.2738
Millet;0;0-0.05;Smooth cayenne;4;4;0.2931
Millet;0;0-0.05;Smooth cayenne;1;6;0.21
Millet;0;0-0.05;Smooth cayenne;2;6;0.2249
Millet;0;0-0.05;Smooth cayenne;3;6;0.2241
Millet;0;0-0.05;Smooth cayenne;4;6;0.2331
Millet;0;0-0.05;Smooth cayenne;1;8;0.1814
Millet;0;0-0.05;Smooth cayenne;2;8;0.2017
Millet;0;0-0.05;Smooth cayenne;3;8;0.1996
Millet;0;0-0.05;Smooth cayenne;4;8;0.2235
Millet;0;0-0.05;Smooth cayenne;1;9;0.179
Millet;0;0-0.05;Smooth cayenne;2;9;0.1939
Millet;0;0-0.05;Smooth cayenne;3;9;0.1835
Millet;0;0-0.05;Smooth cayenne;4;9;0.2058
Millet;0;0-0.05;Smooth cayenne;1;10;0.1673
Millet;0;0-0.05;Smooth cayenne;2;10;0.1873
Millet;0;0-0.05;Smooth cayenne;3;10;0.1743
Millet;0;0-0.05;Smooth cayenne;4;10;0.1932
Millet;0;0-0.05;Smooth cayenne;1;33;0.111
Millet;0;0-0.05;Smooth cayenne;2;33;0.1279
Millet;0;0-0.05;Smooth cayenne;3;33;0.1143
Millet;0;0-0.05;Smooth cayenne;4;33;0.1318
Millet;0;0-0.05;Smooth cayenne;1;66;0.1068
Millet;0;0-0.05;Smooth cayenne;2;66;0.1172
Millet;0;0-0.05;Smooth cayenne;3;66;0.1012
Millet;0;0-0.05;Smooth cayenne;4;66;0.1313
Millet;0;0-0.05;Smooth cayenne;1;100;0.0935
Millet;0;0-0.05;Smooth cayenne;2;100;0.099
Millet;0;0-0.05;Smooth cayenne;3;100;0.0998
Millet;0;0-0.05;Smooth cayenne;4;100;0.1017
Millet;0;0-0.05;Smooth cayenne;1;300;0.0799
Millet;0;0-0.05;Smooth cayenne;2;300;0.0818
Millet;0;0-0.05;Smooth cayenne;3;300;0.0993
Millet;0;0-0.05;Smooth cayenne;4;300;0.0913
Millet;0;0-0.05;Smooth cayenne;1;1500;0.0592
Millet;0;0-0.05;Smooth cayenne;2;1500;0.0722
Millet;0;0-0.05;Smooth cayenne;3;1500;0.0992
Millet;0;0-0.05;Smooth cayenne;4;1500;0.0654
Millet;0;0-0.05;IAC Fantástico;1;0;0.4104
Millet;0;0-0.05;IAC Fantástico;2;0;0.5188
Millet;0;0-0.05;IAC Fantástico;3;0;0.3582
Millet;0;0-0.05;IAC Fantástico;4;0;0.303
Millet;0;0-0.05;IAC Fantástico;1;1;0.4145
Millet;0;0-0.05;IAC Fantástico;2;1;0.3996
Millet;0;0-0.05;IAC Fantástico;3;1;0.3573
Millet;0;0-0.05;IAC Fantástico;4;1;0.2911
Millet;0;0-0.05;IAC Fantástico;1;2;0.3782
Millet;0;0-0.05;IAC Fantástico;2;2;0.3752
Millet;0;0-0.05;IAC Fantástico;3;2;0.3526
Millet;0;0-0.05;IAC Fantástico;4;2;0.2854
Millet;0;0-0.05;IAC Fantástico;1;4;0.3108
Millet;0;0-0.05;IAC Fantástico;2;4;0.2933
Millet;0;0-0.05;IAC Fantástico;3;4;0.3117
Millet;0;0-0.05;IAC Fantástico;4;4;0.2289
Millet;0;0-0.05;IAC Fantástico;1;6;0.2629
Millet;0;0-0.05;IAC Fantástico;2;6;0.2334
Millet;0;0-0.05;IAC Fantástico;3;6;0.2837
Millet;0;0-0.05;IAC Fantástico;4;6;0.1732
Millet;0;0-0.05;IAC Fantástico;1;8;0.2282
Millet;0;0-0.05;IAC Fantástico;2;8;0.2007
Millet;0;0-0.05;IAC Fantástico;3;8;0.26
Millet;0;0-0.05;IAC Fantástico;4;8;0.1511
Millet;0;0-0.05;IAC Fantástico;1;9;0.2004
Millet;0;0-0.05;IAC Fantástico;2;9;0.1893
Millet;0;0-0.05;IAC Fantástico;3;9;0.2083
Millet;0;0-0.05;IAC Fantástico;4;9;0.1414
Millet;0;0-0.05;IAC Fantástico;1;10;0.1524
Millet;0;0-0.05;IAC Fantástico;2;10;0.1776
Millet;0;0-0.05;IAC Fantástico;3;10;0.2034
Millet;0;0-0.05;IAC Fantástico;4;10;0.1379
Millet;0;0-0.05;IAC Fantástico;1;33;0.1186
Millet;0;0-0.05;IAC Fantástico;2;33;0.1238
Millet;0;0-0.05;IAC Fantástico;3;33;0.1452
Millet;0;0-0.05;IAC Fantástico;4;33;0.0981
Millet;0;0-0.05;IAC Fantástico;1;66;0.1073
Millet;0;0-0.05;IAC Fantástico;2;66;0.1146
Millet;0;0-0.05;IAC Fantástico;3;66;0.1303
Millet;0;0-0.05;IAC Fantástico;4;66;0.0832
Millet;0;0-0.05;IAC Fantástico;1;100;0.1059
Millet;0;0-0.05;IAC Fantástico;2;100;0.0977
Millet;0;0-0.05;IAC Fantástico;3;100;0.1395
Millet;0;0-0.05;IAC Fantástico;4;100;0.0957
Millet;0;0-0.05;IAC Fantástico;1;300;0.1033
Millet;0;0-0.05;IAC Fantástico;2;300;0.0815
Millet;0;0-0.05;IAC Fantástico;3;300;0.1807
Millet;0;0-0.05;IAC Fantástico;4;300;0.0708
Millet;0;0-0.05;IAC Fantástico;1;1500;0.1033
Millet;0;0-0.05;IAC Fantástico;2;1500;0.0606
Millet;0;0-0.05;IAC Fantástico;3;1500;0.1257
Millet;0;0-0.05;IAC Fantástico;4;1500;0.0472
Millet;0;0-0.05;Imperial;1;0;0.4188
Millet;0;0-0.05;Imperial;2;0;0.2443
Millet;0;0-0.05;Imperial;3;0;0.3757
Millet;0;0-0.05;Imperial;4;0;0.2956
Millet;0;0-0.05;Imperial;1;1;0.4016
Millet;0;0-0.05;Imperial;2;1;0.263
Millet;0;0-0.05;Imperial;3;1;0.3811
Millet;0;0-0.05;Imperial;4;1;0.2847
Millet;0;0-0.05;Imperial;1;2;0.378
Millet;0;0-0.05;Imperial;2;2;0.2628
Millet;0;0-0.05;Imperial;3;2;0.3792
Millet;0;0-0.05;Imperial;4;2;0.28
Millet;0;0-0.05;Imperial;1;4;0.3179
Millet;0;0-0.05;Imperial;2;4;0.243
Millet;0;0-0.05;Imperial;3;4;0.2902
Millet;0;0-0.05;Imperial;4;4;0.2683
Millet;0;0-0.05;Imperial;1;6;0.2596
Millet;0;0-0.05;Imperial;2;6;0.2075
Millet;0;0-0.05;Imperial;3;6;0.2236
Millet;0;0-0.05;Imperial;4;6;0.234
Millet;0;0-0.05;Imperial;1;8;0.213
Millet;0;0-0.05;Imperial;2;8;0.185
Millet;0;0-0.05;Imperial;3;8;0.1911
Millet;0;0-0.05;Imperial;4;8;0.2114
Millet;0;0-0.05;Imperial;1;9;0.1936
Millet;0;0-0.05;Imperial;2;9;0.1743
Millet;0;0-0.05;Imperial;3;9;0.1829
Millet;0;0-0.05;Imperial;4;9;0.1976
Millet;0;0-0.05;Imperial;1;10;0.1853
Millet;0;0-0.05;Imperial;2;10;0.169
Millet;0;0-0.05;Imperial;3;10;0.1767
Millet;0;0-0.05;Imperial;4;10;0.1887
Millet;0;0-0.05;Imperial;1;33;0.1179
Millet;0;0-0.05;Imperial;2;33;0.122
Millet;0;0-0.05;Imperial;3;33;0.1187
Millet;0;0-0.05;Imperial;4;33;0.1416
Millet;0;0-0.05;Imperial;1;66;0.1153
Millet;0;0-0.05;Imperial;2;66;0.1159
Millet;0;0-0.05;Imperial;3;66;0.1116
Millet;0;0-0.05;Imperial;4;66;0.1335
Millet;0;0-0.05;Imperial;1;100;0.1129
Millet;0;0-0.05;Imperial;2;100;0.1007
Millet;0;0-0.05;Imperial;3;100;0.0959
Millet;0;0-0.05;Imperial;4;100;0.1259
Millet;0;0-0.05;Imperial;1;300;0.1178
Millet;0;0-0.05;Imperial;2;300;0.0829
Millet;0;0-0.05;Imperial;3;300;0.0802
Millet;0;0-0.05;Imperial;4;300;0.1152
Millet;0;0-0.05;Imperial;1;1500;0.1242
Millet;0;0-0.05;Imperial;2;1500;0.0616
Millet;0;0-0.05;Imperial;3;1500;0.0632
Millet;0;0-0.05;Imperial;4;1500;0.0864
Millet;0;0.05-0.20;Pérola;1;0;0.4023
Millet;0;0.05-0.20;Pérola;2;0;0.2568
Millet;0;0.05-0.20;Pérola;3;0;0.3504
Millet;0;0.05-0.20;Pérola;4;0;0.2581
Millet;0;0.05-0.20;Pérola;1;1;0.4047
Millet;0;0.05-0.20;Pérola;2;1;0.25
Millet;0;0.05-0.20;Pérola;3;1;0.344
Millet;0;0.05-0.20;Pérola;4;1;0.256
Millet;0;0.05-0.20;Pérola;1;2;0.3903
Millet;0;0.05-0.20;Pérola;2;2;0.2486
Millet;0;0.05-0.20;Pérola;3;2;0.3464
Millet;0;0.05-0.20;Pérola;4;2;0.2549
Millet;0;0.05-0.20;Pérola;1;4;0.3286
Millet;0;0.05-0.20;Pérola;2;4;0.2336
Millet;0;0.05-0.20;Pérola;3;4;0.2612
Millet;0;0.05-0.20;Pérola;4;4;0.2358
Millet;0;0.05-0.20;Pérola;1;6;0.2543
Millet;0;0.05-0.20;Pérola;2;6;0.2057
Millet;0;0.05-0.20;Pérola;3;6;0.215
Millet;0;0.05-0.20;Pérola;4;6;0.1919
Millet;0;0.05-0.20;Pérola;1;8;0.2086
Millet;0;0.05-0.20;Pérola;2;8;0.1803
Millet;0;0.05-0.20;Pérola;3;8;0.1937
Millet;0;0.05-0.20;Pérola;4;8;0.1703
Millet;0;0.05-0.20;Pérola;1;9;0.1921
Millet;0;0.05-0.20;Pérola;2;9;0.1653
Millet;0;0.05-0.20;Pérola;3;9;0.1794
Millet;0;0.05-0.20;Pérola;4;9;0.1557
Millet;0;0.05-0.20;Pérola;1;10;0.1806
Millet;0;0.05-0.20;Pérola;2;10;0.1574
Millet;0;0.05-0.20;Pérola;3;10;0.1769
Millet;0;0.05-0.20;Pérola;4;10;0.1526
Millet;0;0.05-0.20;Pérola;1;33;0.1333
Millet;0;0.05-0.20;Pérola;2;33;0.1149
Millet;0;0.05-0.20;Pérola;3;33;0.1394
Millet;0;0.05-0.20;Pérola;4;33;0.1098
Millet;0;0.05-0.20;Pérola;1;66;0.1202
Millet;0;0.05-0.20;Pérola;2;66;0.1011
Millet;0;0.05-0.20;Pérola;3;66;0.126
Millet;0;0.05-0.20;Pérola;4;66;0.1022
Millet;0;0.05-0.20;Pérola;1;100;0.1124
Millet;0;0.05-0.20;Pérola;2;100;0.1007
Millet;0;0.05-0.20;Pérola;3;100;0.1201
Millet;0;0.05-0.20;Pérola;4;100;0.1072
Millet;0;0.05-0.20;Pérola;1;300;0.1054
Millet;0;0.05-0.20;Pérola;2;300;0.0839
Millet;0;0.05-0.20;Pérola;3;300;0.1064
Millet;0;0.05-0.20;Pérola;4;300;0.091
Millet;0;0.05-0.20;Pérola;1;1500;0.0868
Millet;0;0.05-0.20;Pérola;2;1500;0.0781
Millet;0;0.05-0.20;Pérola;3;1500;0.0814
Millet;0;0.05-0.20;Pérola;4;1500;0.0541
Millet;0;0.05-0.20;Smooth cayenne;1;0;0.2709
Millet;0;0.05-0.20;Smooth cayenne;2;0;0.2869
Millet;0;0.05-0.20;Smooth cayenne;3;0;0.3564
Millet;0;0.05-0.20;Smooth cayenne;4;0;0.3262
Millet;0;0.05-0.20;Smooth cayenne;1;1;0.2691
Millet;0;0.05-0.20;Smooth cayenne;2;1;0.2724
Millet;0;0.05-0.20;Smooth cayenne;3;1;0.3595
Millet;0;0.05-0.20;Smooth cayenne;4;1;0.3207
Millet;0;0.05-0.20;Smooth cayenne;1;2;0.2721
Millet;0;0.05-0.20;Smooth cayenne;2;2;0.27
Millet;0;0.05-0.20;Smooth cayenne;3;2;0.3543
Millet;0;0.05-0.20;Smooth cayenne;4;2;0.3205
Millet;0;0.05-0.20;Smooth cayenne;1;4;0.2588
Millet;0;0.05-0.20;Smooth cayenne;2;4;0.2521
Millet;0;0.05-0.20;Smooth cayenne;3;4;0.3012
Millet;0;0.05-0.20;Smooth cayenne;4;4;0.2967
Millet;0;0.05-0.20;Smooth cayenne;1;6;0.2149
Millet;0;0.05-0.20;Smooth cayenne;2;6;0.1865
Millet;0;0.05-0.20;Smooth cayenne;3;6;0.2449
Millet;0;0.05-0.20;Smooth cayenne;4;6;0.2426
Millet;0;0.05-0.20;Smooth cayenne;1;8;0.1895
Millet;0;0.05-0.20;Smooth cayenne;2;8;0.1615
Millet;0;0.05-0.20;Smooth cayenne;3;8;0.2046
Millet;0;0.05-0.20;Smooth cayenne;4;8;0.2059
Millet;0;0.05-0.20;Smooth cayenne;1;9;0.1721
Millet;0;0.05-0.20;Smooth cayenne;2;9;0.15
Millet;0;0.05-0.20;Smooth cayenne;3;9;0.1944
Millet;0;0.05-0.20;Smooth cayenne;4;9;0.1776
Millet;0;0.05-0.20;Smooth cayenne;1;10;0.1706
Millet;0;0.05-0.20;Smooth cayenne;2;10;0.1427
Millet;0;0.05-0.20;Smooth cayenne;3;10;0.1869
Millet;0;0.05-0.20;Smooth cayenne;4;10;0.1771
Millet;0;0.05-0.20;Smooth cayenne;1;33;0.1366
Millet;0;0.05-0.20;Smooth cayenne;2;33;0.0972
Millet;0;0.05-0.20;Smooth cayenne;3;33;0.1292
Millet;0;0.05-0.20;Smooth cayenne;4;33;0.1439
Millet;0;0.05-0.20;Smooth cayenne;1;66;0.119
Millet;0;0.05-0.20;Smooth cayenne;2;66;0.0856
Millet;0;0.05-0.20;Smooth cayenne;3;66;0.119
Millet;0;0.05-0.20;Smooth cayenne;4;66;0.1231
Millet;0;0.05-0.20;Smooth cayenne;1;100;0.1185
Millet;0;0.05-0.20;Smooth cayenne;2;100;0.093
Millet;0;0.05-0.20;Smooth cayenne;3;100;0.1018
Millet;0;0.05-0.20;Smooth cayenne;4;100;0.1195
Millet;0;0.05-0.20;Smooth cayenne;1;300;0.1048
Millet;0;0.05-0.20;Smooth cayenne;2;300;0.0766
Millet;0;0.05-0.20;Smooth cayenne;3;300;0.0879
Millet;0;0.05-0.20;Smooth cayenne;4;300;0.1162
Millet;0;0.05-0.20;Smooth cayenne;1;1500;0.0743
Millet;0;0.05-0.20;Smooth cayenne;2;1500;0.0469
Millet;0;0.05-0.20;Smooth cayenne;3;1500;0.0635
Millet;0;0.05-0.20;Smooth cayenne;4;1500;0.0863
Millet;0;0.05-0.20;IAC Fantástico;1;0;0.3721
Millet;0;0.05-0.20;IAC Fantástico;2;0;0.3264
Millet;0;0.05-0.20;IAC Fantástico;3;0;0.3042
Millet;0;0.05-0.20;IAC Fantástico;4;0;0.4592
Millet;0;0.05-0.20;IAC Fantástico;1;1;0.3705
Millet;0;0.05-0.20;IAC Fantástico;2;1;0.3318
Millet;0;0.05-0.20;IAC Fantástico;3;1;0.3052
Millet;0;0.05-0.20;IAC Fantástico;4;1;0.4381
Millet;0;0.05-0.20;IAC Fantástico;1;2;0.3836
Millet;0;0.05-0.20;IAC Fantástico;2;2;0.3371
Millet;0;0.05-0.20;IAC Fantástico;3;2;0.1096
Millet;0;0.05-0.20;IAC Fantástico;4;2;0.3876
Millet;0;0.05-0.20;IAC Fantástico;1;4;0.3035
Millet;0;0.05-0.20;IAC Fantástico;2;4;0.3114
Millet;0;0.05-0.20;IAC Fantástico;3;4;0.2742
Millet;0;0.05-0.20;IAC Fantástico;4;4;0.2868
Millet;0;0.05-0.20;IAC Fantástico;1;6;0.2417
Millet;0;0.05-0.20;IAC Fantástico;2;6;0.25
Millet;0;0.05-0.20;IAC Fantástico;3;6;0.241
Millet;0;0.05-0.20;IAC Fantástico;4;6;0.2364
Millet;0;0.05-0.20;IAC Fantástico;1;8;0.2063
Millet;0;0.05-0.20;IAC Fantástico;2;8;0.2151
Millet;0;0.05-0.20;IAC Fantástico;3;8;0.2261
Millet;0;0.05-0.20;IAC Fantástico;4;8;0.2029
Millet;0;0.05-0.20;IAC Fantástico;1;9;0.1909
Millet;0;0.05-0.20;IAC Fantástico;2;9;0.1974
Millet;0;0.05-0.20;IAC Fantástico;3;9;0.1893
Millet;0;0.05-0.20;IAC Fantástico;4;9;0.1905
Millet;0;0.05-0.20;IAC Fantástico;1;10;0.182
Millet;0;0.05-0.20;IAC Fantástico;2;10;0.1848
Millet;0;0.05-0.20;IAC Fantástico;3;10;0.176
Millet;0;0.05-0.20;IAC Fantástico;4;10;0.1819
Millet;0;0.05-0.20;IAC Fantástico;1;33;0.1374
Millet;0;0.05-0.20;IAC Fantástico;2;33;0.1367
Millet;0;0.05-0.20;IAC Fantástico;3;33;0.1148
Millet;0;0.05-0.20;IAC Fantástico;4;33;0.1298
Millet;0;0.05-0.20;IAC Fantástico;1;66;0.1345
Millet;0;0.05-0.20;IAC Fantástico;2;66;0.1268
Millet;0;0.05-0.20;IAC Fantástico;3;66;0.1002
Millet;0;0.05-0.20;IAC Fantástico;4;66;0.1278
Millet;0;0.05-0.20;IAC Fantástico;1;100;0.1271
Millet;0;0.05-0.20;IAC Fantástico;2;100;0.1204
Millet;0;0.05-0.20;IAC Fantástico;3;100;0.091
Millet;0;0.05-0.20;IAC Fantástico;4;100;0.1268
Millet;0;0.05-0.20;IAC Fantástico;1;300;0.1126
Millet;0;0.05-0.20;IAC Fantástico;2;300;0.1074
Millet;0;0.05-0.20;IAC Fantástico;3;300;0.0751
Millet;0;0.05-0.20;IAC Fantástico;4;300;0.1068
Millet;0;0.05-0.20;IAC Fantástico;1;1500;0.0756
Millet;0;0.05-0.20;IAC Fantástico;2;1500;0.079
Millet;0;0.05-0.20;IAC Fantástico;3;1500;0.0511
Millet;0;0.05-0.20;IAC Fantástico;4;1500;0.0919
Millet;0;0.05-0.20;Imperial;1;0;0.3131
Millet;0;0.05-0.20;Imperial;2;0;0.3177
Millet;0;0.05-0.20;Imperial;3;0;0.3259
Millet;0;0.05-0.20;Imperial;4;0;0.3025
Millet;0;0.05-0.20;Imperial;1;1;0.3087
Millet;0;0.05-0.20;Imperial;2;1;0.3169
Millet;0;0.05-0.20;Imperial;3;1;0.3049
Millet;0;0.05-0.20;Imperial;4;1;0.3106
Millet;0;0.05-0.20;Imperial;1;2;0.313
Millet;0;0.05-0.20;Imperial;2;2;0.3101
Millet;0;0.05-0.20;Imperial;3;2;0.287
Millet;0;0.05-0.20;Imperial;4;2;0.3086
Millet;0;0.05-0.20;Imperial;1;4;0.3115
Millet;0;0.05-0.20;Imperial;2;4;0.2666
Millet;0;0.05-0.20;Imperial;3;4;0.2329
Millet;0;0.05-0.20;Imperial;4;4;0.3061
Millet;0;0.05-0.20;Imperial;1;6;0.2831
Millet;0;0.05-0.20;Imperial;2;6;0.198
Millet;0;0.05-0.20;Imperial;3;6;0.1875
Millet;0;0.05-0.20;Imperial;4;6;0.2758
Millet;0;0.05-0.20;Imperial;1;8;0.2539
Millet;0;0.05-0.20;Imperial;2;8;0.1687
Millet;0;0.05-0.20;Imperial;3;8;0.1616
Millet;0;0.05-0.20;Imperial;4;8;0.2452
Millet;0;0.05-0.20;Imperial;1;9;0.2337
Millet;0;0.05-0.20;Imperial;2;9;0.1539
Millet;0;0.05-0.20;Imperial;3;9;0.1499
Millet;0;0.05-0.20;Imperial;4;9;0.2132
Millet;0;0.05-0.20;Imperial;1;10;0.2322
Millet;0;0.05-0.20;Imperial;2;10;0.1495
Millet;0;0.05-0.20;Imperial;3;10;0.1437
Millet;0;0.05-0.20;Imperial;4;10;0.2013
Millet;0;0.05-0.20;Imperial;1;33;0.1564
Millet;0;0.05-0.20;Imperial;2;33;0.1042
Millet;0;0.05-0.20;Imperial;3;33;0.1003
Millet;0;0.05-0.20;Imperial;4;33;0.1291
Millet;0;0.05-0.20;Imperial;1;66;0.1274
Millet;0;0.05-0.20;Imperial;2;66;0.0859
Millet;0;0.05-0.20;Imperial;3;66;0.0881
Millet;0;0.05-0.20;Imperial;4;66;0.1146
Millet;0;0.05-0.20;Imperial;1;100;0.1184
Millet;0;0.05-0.20;Imperial;2;100;0.0807
Millet;0;0.05-0.20;Imperial;3;100;0.0884
Millet;0;0.05-0.20;Imperial;4;100;0.1046
Millet;0;0.05-0.20;Imperial;1;300;0.1122
Millet;0;0.05-0.20;Imperial;2;300;0.0695
Millet;0;0.05-0.20;Imperial;3;300;0.0748
Millet;0;0.05-0.20;Imperial;4;300;0.084
Millet;0;0.05-0.20;Imperial;1;1500;0.0932
Millet;0;0.05-0.20;Imperial;2;1500;0.047
Millet;0;0.05-0.20;Imperial;3;1500;0.0488
Millet;0;0.05-0.20;Imperial;4;1500;0.062
Millet;4;0-0.05;Pérola;1;0;0.4212
Millet;4;0-0.05;Pérola;2;0;0.4
Millet;4;0-0.05;Pérola;3;0;0.3612
Millet;4;0-0.05;Pérola;4;0;0.4142
Millet;4;0-0.05;Pérola;1;1;0.3954
Millet;4;0-0.05;Pérola;2;1;0.3996
Millet;4;0-0.05;Pérola;3;1;0.3473
Millet;4;0-0.05;Pérola;4;1;0.3859
Millet;4;0-0.05;Pérola;1;2;0.3508
Millet;4;0-0.05;Pérola;2;2;0.3594
Millet;4;0-0.05;Pérola;3;2;0.3269
Millet;4;0-0.05;Pérola;4;2;0.3432
Millet;4;0-0.05;Pérola;1;4;0.2686
Millet;4;0-0.05;Pérola;2;4;0.269
Millet;4;0-0.05;Pérola;3;4;0.2482
Millet;4;0-0.05;Pérola;4;4;0.2478
Millet;4;0-0.05;Pérola;1;6;0.2235
Millet;4;0-0.05;Pérola;2;6;0.2207
Millet;4;0-0.05;Pérola;3;6;0.1918
Millet;4;0-0.05;Pérola;4;6;0.2092
Millet;4;0-0.05;Pérola;1;8;0.2024
Millet;4;0-0.05;Pérola;2;8;0.1944
Millet;4;0-0.05;Pérola;3;8;0.1633
Millet;4;0-0.05;Pérola;4;8;0.1829
Millet;4;0-0.05;Pérola;1;9;0.1976
Millet;4;0-0.05;Pérola;2;9;0.184
Millet;4;0-0.05;Pérola;3;9;0.1514
Millet;4;0-0.05;Pérola;4;9;0.1732
Millet;4;0-0.05;Pérola;1;10;0.192
Millet;4;0-0.05;Pérola;2;10;0.1749
Millet;4;0-0.05;Pérola;3;10;0.1459
Millet;4;0-0.05;Pérola;4;10;0.1654
Millet;4;0-0.05;Pérola;1;33;0.1307
Millet;4;0-0.05;Pérola;2;33;0.1249
Millet;4;0-0.05;Pérola;3;33;0.103
Millet;4;0-0.05;Pérola;4;33;0.112
Millet;4;0-0.05;Pérola;1;66;0.1245
Millet;4;0-0.05;Pérola;2;66;0.1212
Millet;4;0-0.05;Pérola;3;66;0.1025
Millet;4;0-0.05;Pérola;4;66;0.0979
Millet;4;0-0.05;Pérola;1;100;0.1055
Millet;4;0-0.05;Pérola;2;100;0.1206
Millet;4;0-0.05;Pérola;3;100;0.0872
Millet;4;0-0.05;Pérola;4;100;0.0925
Millet;4;0-0.05;Pérola;1;300;0.0919
Millet;4;0-0.05;Pérola;2;300;0.1035
Millet;4;0-0.05;Pérola;3;300;0.0743
Millet;4;0-0.05;Pérola;4;300;0.0839
Millet;4;0-0.05;Pérola;1;1500;0.0695
Millet;4;0-0.05;Pérola;2;1500;0.069
Millet;4;0-0.05;Pérola;3;1500;0.0569
Millet;4;0-0.05;Pérola;4;1500;0.0614
Millet;4;0-0.05;Smooth cayenne;1;0;0.4446
Millet;4;0-0.05;Smooth cayenne;2;0;0.4166
Millet;4;0-0.05;Smooth cayenne;3;0;0.4164
Millet;4;0-0.05;Smooth cayenne;4;0;0.3744
Millet;4;0-0.05;Smooth cayenne;1;1;0.4146
Millet;4;0-0.05;Smooth cayenne;2;1;0.3973
Millet;4;0-0.05;Smooth cayenne;3;1;0.3988
Millet;4;0-0.05;Smooth cayenne;4;1;0.3606
Millet;4;0-0.05;Smooth cayenne;1;2;0.3852
Millet;4;0-0.05;Smooth cayenne;2;2;0.3661
Millet;4;0-0.05;Smooth cayenne;3;2;0.3665
Millet;4;0-0.05;Smooth cayenne;4;2;0.3513
Millet;4;0-0.05;Smooth cayenne;1;4;0.3241
Millet;4;0-0.05;Smooth cayenne;2;4;0.2752
Millet;4;0-0.05;Smooth cayenne;3;4;0.273
Millet;4;0-0.05;Smooth cayenne;4;4;0.2522
Millet;4;0-0.05;Smooth cayenne;1;6;0.2683
Millet;4;0-0.05;Smooth cayenne;2;6;0.2226
Millet;4;0-0.05;Smooth cayenne;3;6;0.2216
Millet;4;0-0.05;Smooth cayenne;4;6;0.2114
Millet;4;0-0.05;Smooth cayenne;1;8;0.2257
Millet;4;0-0.05;Smooth cayenne;2;8;0.2023
Millet;4;0-0.05;Smooth cayenne;3;8;0.1962
Millet;4;0-0.05;Smooth cayenne;4;8;0.1823
Millet;4;0-0.05;Smooth cayenne;1;9;0.2042
Millet;4;0-0.05;Smooth cayenne;2;9;0.1916
Millet;4;0-0.05;Smooth cayenne;3;9;0.1813
Millet;4;0-0.05;Smooth cayenne;4;9;0.1696
Millet;4;0-0.05;Smooth cayenne;1;10;0.1941
Millet;4;0-0.05;Smooth cayenne;2;10;0.1865
Millet;4;0-0.05;Smooth cayenne;3;10;0.1768
Millet;4;0-0.05;Smooth cayenne;4;10;0.159
Millet;4;0-0.05;Smooth cayenne;1;33;0.1355
Millet;4;0-0.05;Smooth cayenne;2;33;0.1311
Millet;4;0-0.05;Smooth cayenne;3;33;0.1145
Millet;4;0-0.05;Smooth cayenne;4;33;0.1071
Millet;4;0-0.05;Smooth cayenne;1;66;0.1325
Millet;4;0-0.05;Smooth cayenne;2;66;0.1216
Millet;4;0-0.05;Smooth cayenne;3;66;0.1121
Millet;4;0-0.05;Smooth cayenne;4;66;0.1049
Millet;4;0-0.05;Smooth cayenne;1;100;0.1372
Millet;4;0-0.05;Smooth cayenne;2;100;0.1001
Millet;4;0-0.05;Smooth cayenne;3;100;0.0987
Millet;4;0-0.05;Smooth cayenne;4;100;0.0902
Millet;4;0-0.05;Smooth cayenne;1;300;0.1701
Millet;4;0-0.05;Smooth cayenne;2;300;0.0906
Millet;4;0-0.05;Smooth cayenne;3;300;0.08
Millet;4;0-0.05;Smooth cayenne;4;300;0.083
Millet;4;0-0.05;Smooth cayenne;1;1500;0.1405
Millet;4;0-0.05;Smooth cayenne;2;1500;0.0666
Millet;4;0-0.05;Smooth cayenne;3;1500;0.0652
Millet;4;0-0.05;Smooth cayenne;4;1500;0.0632
Millet;4;0-0.05;IAC Fantástico;1;0;0.2601
Millet;4;0-0.05;IAC Fantástico;2;0;0.3758
Millet;4;0-0.05;IAC Fantástico;3;0;0.3835
Millet;4;0-0.05;IAC Fantástico;4;0;0.4028
Millet;4;0-0.05;IAC Fantástico;1;1;0.2503
Millet;4;0-0.05;IAC Fantástico;2;1;0.3845
Millet;4;0-0.05;IAC Fantástico;3;1;0.3763
Millet;4;0-0.05;IAC Fantástico;4;1;0.3926
Millet;4;0-0.05;IAC Fantástico;1;2;0.2499
Millet;4;0-0.05;IAC Fantástico;2;2;0.358
Millet;4;0-0.05;IAC Fantástico;3;2;0.3674
Millet;4;0-0.05;IAC Fantástico;4;2;0.3715
Millet;4;0-0.05;IAC Fantástico;1;4;0.2451
Millet;4;0-0.05;IAC Fantástico;2;4;0.2783
Millet;4;0-0.05;IAC Fantástico;3;4;0.2966
Millet;4;0-0.05;IAC Fantástico;4;4;0.2878
Millet;4;0-0.05;IAC Fantástico;1;6;0.2218
Millet;4;0-0.05;IAC Fantástico;2;6;0.2229
Millet;4;0-0.05;IAC Fantástico;3;6;0.2354
Millet;4;0-0.05;IAC Fantástico;4;6;0.234
Millet;4;0-0.05;IAC Fantástico;1;8;0.1798
Millet;4;0-0.05;IAC Fantástico;2;8;0.1937
Millet;4;0-0.05;IAC Fantástico;3;8;0.2066
Millet;4;0-0.05;IAC Fantástico;4;8;0.2026
Millet;4;0-0.05;IAC Fantástico;1;9;0.1646
Millet;4;0-0.05;IAC Fantástico;2;9;0.1803
Millet;4;0-0.05;IAC Fantástico;3;9;0.1921
Millet;4;0-0.05;IAC Fantástico;4;9;0.1919
Millet;4;0-0.05;IAC Fantástico;1;10;0.1578
Millet;4;0-0.05;IAC Fantástico;2;10;0.1755
Millet;4;0-0.05;IAC Fantástico;3;10;0.1906
Millet;4;0-0.05;IAC Fantástico;4;10;0.1844
Millet;4;0-0.05;IAC Fantástico;1;33;0.1125
Millet;4;0-0.05;IAC Fantástico;2;33;0.1228
Millet;4;0-0.05;IAC Fantástico;3;33;0.1148
Millet;4;0-0.05;IAC Fantástico;4;33;0.1142
Millet;4;0-0.05;IAC Fantástico;1;66;0.1111
Millet;4;0-0.05;IAC Fantástico;2;66;0.1319
Millet;4;0-0.05;IAC Fantástico;3;66;0.1091
Millet;4;0-0.05;IAC Fantástico;4;66;0.1077
Millet;4;0-0.05;IAC Fantástico;1;100;0.0981
Millet;4;0-0.05;IAC Fantástico;2;100;0.1267
Millet;4;0-0.05;IAC Fantástico;3;100;0.0988
Millet;4;0-0.05;IAC Fantástico;4;100;0.1053
Millet;4;0-0.05;IAC Fantástico;1;300;0.0916
Millet;4;0-0.05;IAC Fantástico;2;300;0.1005
Millet;4;0-0.05;IAC Fantástico;3;300;0.0808
Millet;4;0-0.05;IAC Fantástico;4;300;0.1175
Millet;4;0-0.05;IAC Fantástico;1;1500;0.0626
Millet;4;0-0.05;IAC Fantástico;2;1500;0.0664
Millet;4;0-0.05;IAC Fantástico;3;1500;0.0633
Millet;4;0-0.05;IAC Fantástico;4;1500;0.1072
Millet;4;0-0.05;Imperial;1;0;0.428
Millet;4;0-0.05;Imperial;2;0;0.3582
Millet;4;0-0.05;Imperial;3;0;0.4295
Millet;4;0-0.05;Imperial;4;0;0.4061
Millet;4;0-0.05;Imperial;1;1;0.4162
Millet;4;0-0.05;Imperial;2;1;0.3374
Millet;4;0-0.05;Imperial;3;1;0.398
Millet;4;0-0.05;Imperial;4;1;0.3732
Millet;4;0-0.05;Imperial;1;2;0.3705
Millet;4;0-0.05;Imperial;2;2;0.3244
Millet;4;0-0.05;Imperial;3;2;0.3722
Millet;4;0-0.05;Imperial;4;2;0.3459
Millet;4;0-0.05;Imperial;1;4;0.2764
Millet;4;0-0.05;Imperial;2;4;0.2635
Millet;4;0-0.05;Imperial;3;4;0.285
Millet;4;0-0.05;Imperial;4;4;0.2659
Millet;4;0-0.05;Imperial;1;6;0.2257
Millet;4;0-0.05;Imperial;2;6;0.2126
Millet;4;0-0.05;Imperial;3;6;0.2247
Millet;4;0-0.05;Imperial;4;6;0.2177
Millet;4;0-0.05;Imperial;1;8;0.1981
Millet;4;0-0.05;Imperial;2;8;0.182
Millet;4;0-0.05;Imperial;3;8;0.1986
Millet;4;0-0.05;Imperial;4;8;0.1927
Millet;4;0-0.05;Imperial;1;9;0.1868
Millet;4;0-0.05;Imperial;2;9;0.1715
Millet;4;0-0.05;Imperial;3;9;0.1838
Millet;4;0-0.05;Imperial;4;9;0.1822
Millet;4;0-0.05;Imperial;1;10;0.1778
Millet;4;0-0.05;Imperial;2;10;0.161
Millet;4;0-0.05;Imperial;3;10;0.175
Millet;4;0-0.05;Imperial;4;10;0.175
Millet;4;0-0.05;Imperial;1;33;0.124
Millet;4;0-0.05;Imperial;2;33;0.1045
Millet;4;0-0.05;Imperial;3;33;0.1078
Millet;4;0-0.05;Imperial;4;33;0.107
Millet;4;0-0.05;Imperial;1;66;0.1267
Millet;4;0-0.05;Imperial;2;66;0.1023
Millet;4;0-0.05;Imperial;3;66;0.0993
Millet;4;0-0.05;Imperial;4;66;0.0977
Millet;4;0-0.05;Imperial;1;100;0.1222
Millet;4;0-0.05;Imperial;2;100;0.0983
Millet;4;0-0.05;Imperial;3;100;0.0837
Millet;4;0-0.05;Imperial;4;100;0.0941
Millet;4;0-0.05;Imperial;1;300;0.0998
Millet;4;0-0.05;Imperial;2;300;0.082
Millet;4;0-0.05;Imperial;3;300;0.0724
Millet;4;0-0.05;Imperial;4;300;0.0929
Millet;4;0-0.05;Imperial;1;1500;0.065
Millet;4;0-0.05;Imperial;2;1500;0.0554
Millet;4;0-0.05;Imperial;3;1500;0.0563
Millet;4;0-0.05;Imperial;4;1500;0.0937
Millet;4;0.05-0.20;Pérola;1;0;0.3164
Millet;4;0.05-0.20;Pérola;2;0;0.3163
Millet;4;0.05-0.20;Pérola;3;0;0.3411
Millet;4;0.05-0.20;Pérola;4;0;0.2866
Millet;4;0.05-0.20;Pérola;1;1;0.2615
Millet;4;0.05-0.20;Pérola;2;1;0.3192
Millet;4;0.05-0.20;Pérola;3;1;0.3404
Millet;4;0.05-0.20;Pérola;4;1;0.2783
Millet;4;0.05-0.20;Pérola;1;2;0.2593
Millet;4;0.05-0.20;Pérola;2;2;0.3181
Millet;4;0.05-0.20;Pérola;3;2;0.3257
Millet;4;0.05-0.20;Pérola;4;2;0.273
Millet;4;0.05-0.20;Pérola;1;4;0.2527
Millet;4;0.05-0.20;Pérola;2;4;0.2567
Millet;4;0.05-0.20;Pérola;3;4;0.2671
Millet;4;0.05-0.20;Pérola;4;4;0.2519
Millet;4;0.05-0.20;Pérola;1;6;0.2152
Millet;4;0.05-0.20;Pérola;2;6;0.2011
Millet;4;0.05-0.20;Pérola;3;6;0.2245
Millet;4;0.05-0.20;Pérola;4;6;0.191
Millet;4;0.05-0.20;Pérola;1;8;0.1808
Millet;4;0.05-0.20;Pérola;2;8;0.1715
Millet;4;0.05-0.20;Pérola;3;8;0.192
Millet;4;0.05-0.20;Pérola;4;8;0.1662
Millet;4;0.05-0.20;Pérola;1;9;0.1697
Millet;4;0.05-0.20;Pérola;2;9;0.1567
Millet;4;0.05-0.20;Pérola;3;9;0.1849
Millet;4;0.05-0.20;Pérola;4;9;0.157
Millet;4;0.05-0.20;Pérola;1;10;0.1633
Millet;4;0.05-0.20;Pérola;2;10;0.1495
Millet;4;0.05-0.20;Pérola;3;10;0.1821
Millet;4;0.05-0.20;Pérola;4;10;0.1507
Millet;4;0.05-0.20;Pérola;1;33;0.1138
Millet;4;0.05-0.20;Pérola;2;33;0.0994
Millet;4;0.05-0.20;Pérola;3;33;0.1249
Millet;4;0.05-0.20;Pérola;4;33;0.1069
Millet;4;0.05-0.20;Pérola;1;66;0.1005
Millet;4;0.05-0.20;Pérola;2;66;0.0948
Millet;4;0.05-0.20;Pérola;3;66;0.1159
Millet;4;0.05-0.20;Pérola;4;66;0.0967
Millet;4;0.05-0.20;Pérola;1;100;0.1005
Millet;4;0.05-0.20;Pérola;2;100;0.0832
Millet;4;0.05-0.20;Pérola;3;100;0.102
Millet;4;0.05-0.20;Pérola;4;100;0.0908
Millet;4;0.05-0.20;Pérola;1;300;0.0868
Millet;4;0.05-0.20;Pérola;2;300;0.0688
Millet;4;0.05-0.20;Pérola;3;300;0.0835
Millet;4;0.05-0.20;Pérola;4;300;0.0767
Millet;4;0.05-0.20;Pérola;1;1500;0.0574
Millet;4;0.05-0.20;Pérola;2;1500;0.0525
Millet;4;0.05-0.20;Pérola;3;1500;0.0653
Millet;4;0.05-0.20;Pérola;4;1500;0.053
Millet;4;0.05-0.20;Smooth cayenne;1;0;0.38
Millet;4;0.05-0.20;Smooth cayenne;2;0;0.2429
Millet;4;0.05-0.20;Smooth cayenne;3;0;0.2706
Millet;4;0.05-0.20;Smooth cayenne;4;0;0.3451
Millet;4;0.05-0.20;Smooth cayenne;1;1;0.366
Millet;4;0.05-0.20;Smooth cayenne;2;1;0.2483
Millet;4;0.05-0.20;Smooth cayenne;3;1;0.2703
Millet;4;0.05-0.20;Smooth cayenne;4;1;0.3498
Millet;4;0.05-0.20;Smooth cayenne;1;2;0.3376
Millet;4;0.05-0.20;Smooth cayenne;2;2;0.2547
Millet;4;0.05-0.20;Smooth cayenne;3;2;0.267
Millet;4;0.05-0.20;Smooth cayenne;4;2;0.334
Millet;4;0.05-0.20;Smooth cayenne;1;4;0.2442
Millet;4;0.05-0.20;Smooth cayenne;2;4;0.2433
Millet;4;0.05-0.20;Smooth cayenne;3;4;0.2332
Millet;4;0.05-0.20;Smooth cayenne;4;4;0.2827
Millet;4;0.05-0.20;Smooth cayenne;1;6;0.1807
Millet;4;0.05-0.20;Smooth cayenne;3;6;0.2073
Millet;4;0.05-0.20;Smooth cayenne;4;6;0.2354
Millet;4;0.05-0.20;Smooth cayenne;1;8;0.1543
Millet;4;0.05-0.20;Smooth cayenne;2;8;0.1763
Millet;4;0.05-0.20;Smooth cayenne;3;8;0.1907
Millet;4;0.05-0.20;Smooth cayenne;4;8;0.2038
Millet;4;0.05-0.20;Smooth cayenne;1;9;0.1425
Millet;4;0.05-0.20;Smooth cayenne;2;9;0.1505
Millet;4;0.05-0.20;Smooth cayenne;3;9;0.1634
Millet;4;0.05-0.20;Smooth cayenne;4;9;0.1949
Millet;4;0.05-0.20;Smooth cayenne;1;10;0.1344
Millet;4;0.05-0.20;Smooth cayenne;2;10;0.1449
Millet;4;0.05-0.20;Smooth cayenne;3;10;0.16
Millet;4;0.05-0.20;Smooth cayenne;4;10;0.1859
Millet;4;0.05-0.20;Smooth cayenne;1;33;0.091
Millet;4;0.05-0.20;Smooth cayenne;2;33;0.109
Millet;4;0.05-0.20;Smooth cayenne;3;33;0.122
Millet;4;0.05-0.20;Smooth cayenne;4;33;0.1276
Millet;4;0.05-0.20;Smooth cayenne;1;66;0.0802
Millet;4;0.05-0.20;Smooth cayenne;2;66;0.1011
Millet;4;0.05-0.20;Smooth cayenne;3;66;0.1075
Millet;4;0.05-0.20;Smooth cayenne;4;66;0.1237
Millet;4;0.05-0.20;Smooth cayenne;1;100;0.0785
Millet;4;0.05-0.20;Smooth cayenne;2;100;0.1389
Millet;4;0.05-0.20;Smooth cayenne;3;100;0.0963
Millet;4;0.05-0.20;Smooth cayenne;4;100;0.1031
Millet;4;0.05-0.20;Smooth cayenne;1;300;0.0676
Millet;4;0.05-0.20;Smooth cayenne;2;300;0.0975
Millet;4;0.05-0.20;Smooth cayenne;3;300;0.0804
Millet;4;0.05-0.20;Smooth cayenne;4;300;0.0887
Millet;4;0.05-0.20;Smooth cayenne;1;1500;0.051
Millet;4;0.05-0.20;Smooth cayenne;2;1500;0.1344
Millet;4;0.05-0.20;Smooth cayenne;3;1500;0.0591
Millet;4;0.05-0.20;Smooth cayenne;4;1500;0.0644
Millet;4;0.05-0.20;IAC Fantástico;1;0;0.4129
Millet;4;0.05-0.20;IAC Fantástico;2;0;0.3995
Millet;4;0.05-0.20;IAC Fantástico;3;0;0.3787
Millet;4;0.05-0.20;IAC Fantástico;4;0;0.2968
Millet;4;0.05-0.20;IAC Fantástico;1;1;0.3955
Millet;4;0.05-0.20;IAC Fantástico;2;1;0.376
Millet;4;0.05-0.20;IAC Fantástico;3;1;0.3797
Millet;4;0.05-0.20;IAC Fantástico;4;1;0.2973
Millet;4;0.05-0.20;IAC Fantástico;1;2;0.3686
Millet;4;0.05-0.20;IAC Fantástico;2;2;0.3557
Millet;4;0.05-0.20;IAC Fantástico;3;2;0.3723
Millet;4;0.05-0.20;IAC Fantástico;4;2;0.2892
Millet;4;0.05-0.20;IAC Fantástico;1;4;0.2779
Millet;4;0.05-0.20;IAC Fantástico;2;4;0.269
Millet;4;0.05-0.20;IAC Fantástico;3;4;0.2969
Millet;4;0.05-0.20;IAC Fantástico;4;4;0.2563
Millet;4;0.05-0.20;IAC Fantástico;1;6;0.2331
Millet;4;0.05-0.20;IAC Fantástico;2;6;0.2266
Millet;4;0.05-0.20;IAC Fantástico;3;6;0.2254
Millet;4;0.05-0.20;IAC Fantástico;4;6;0.2216
Millet;4;0.05-0.20;IAC Fantástico;1;8;0.2096
Millet;4;0.05-0.20;IAC Fantástico;2;8;0.196
Millet;4;0.05-0.20;IAC Fantástico;3;8;0.18
Millet;4;0.05-0.20;IAC Fantástico;4;8;0.1985
Millet;4;0.05-0.20;IAC Fantástico;1;9;0.1992
Millet;4;0.05-0.20;IAC Fantástico;2;9;0.1933
Millet;4;0.05-0.20;IAC Fantástico;3;9;0.1658
Millet;4;0.05-0.20;IAC Fantástico;4;9;0.1722
Millet;4;0.05-0.20;IAC Fantástico;1;10;0.1921
Millet;4;0.05-0.20;IAC Fantástico;2;10;0.1884
Millet;4;0.05-0.20;IAC Fantástico;3;10;0.1592
Millet;4;0.05-0.20;IAC Fantástico;4;10;0.1608
Millet;4;0.05-0.20;IAC Fantástico;1;33;0.1245
Millet;4;0.05-0.20;IAC Fantástico;2;33;0.1299
Millet;4;0.05-0.20;IAC Fantástico;3;33;0.0982
Millet;4;0.05-0.20;IAC Fantástico;4;33;0.1143
Millet;4;0.05-0.20;IAC Fantástico;1;66;0.123
Millet;4;0.05-0.20;IAC Fantástico;2;66;0.127
Millet;4;0.05-0.20;IAC Fantástico;3;66;0.0972
Millet;4;0.05-0.20;IAC Fantástico;4;66;0.1034
Millet;4;0.05-0.20;IAC Fantástico;1;100;0.0985
Millet;4;0.05-0.20;IAC Fantástico;2;100;0.1025
Millet;4;0.05-0.20;IAC Fantástico;3;100;0.0878
Millet;4;0.05-0.20;IAC Fantástico;4;100;0.0936
Millet;4;0.05-0.20;IAC Fantástico;1;300;0.0868
Millet;4;0.05-0.20;IAC Fantástico;2;300;0.0873
Millet;4;0.05-0.20;IAC Fantástico;3;300;0.0779
Millet;4;0.05-0.20;IAC Fantástico;4;300;0.0798
Millet;4;0.05-0.20;IAC Fantástico;1;1500;0.0639
Millet;4;0.05-0.20;IAC Fantástico;2;1500;0.0651
Millet;4;0.05-0.20;IAC Fantástico;3;1500;0.0444
Millet;4;0.05-0.20;IAC Fantástico;4;1500;0.0707
Millet;4;0.05-0.20;Imperial;1;0;0.2525
Millet;4;0.05-0.20;Imperial;2;0;0.3047
Millet;4;0.05-0.20;Imperial;3;0;0.3317
Millet;4;0.05-0.20;Imperial;4;0;0.4278
Millet;4;0.05-0.20;Imperial;1;1;0.2466
Millet;4;0.05-0.20;Imperial;2;1;0.3131
Millet;4;0.05-0.20;Imperial;3;1;0.3314
Millet;4;0.05-0.20;Imperial;4;1;0.4167
Millet;4;0.05-0.20;Imperial;1;2;0.2456
Millet;4;0.05-0.20;Imperial;2;2;0.3179
Millet;4;0.05-0.20;Imperial;3;2;0.3303
Millet;4;0.05-0.20;Imperial;4;2;0.3997
Millet;4;0.05-0.20;Imperial;1;4;0.2278
Millet;4;0.05-0.20;Imperial;2;4;0.2694
Millet;4;0.05-0.20;Imperial;3;4;0.281
Millet;4;0.05-0.20;Imperial;4;4;0.2835
Millet;4;0.05-0.20;Imperial;1;6;0.1952
Millet;4;0.05-0.20;Imperial;2;6;0.2263
Millet;4;0.05-0.20;Imperial;3;6;0.2255
Millet;4;0.05-0.20;Imperial;4;6;0.2184
Millet;4;0.05-0.20;Imperial;1;8;0.1769
Millet;4;0.05-0.20;Imperial;2;8;0.1992
Millet;4;0.05-0.20;Imperial;3;8;0.1845
Millet;4;0.05-0.20;Imperial;4;8;0.1897
Millet;4;0.05-0.20;Imperial;1;9;0.1693
Millet;4;0.05-0.20;Imperial;2;9;0.179
Millet;4;0.05-0.20;Imperial;3;9;0.1708
Millet;4;0.05-0.20;Imperial;4;9;0.1812
Millet;4;0.05-0.20;Imperial;1;10;0.1629
Millet;4;0.05-0.20;Imperial;2;10;0.1664
Millet;4;0.05-0.20;Imperial;3;10;0.1621
Millet;4;0.05-0.20;Imperial;4;10;0.1715
Millet;4;0.05-0.20;Imperial;1;33;0.1178
Millet;4;0.05-0.20;Imperial;2;33;0.111
Millet;4;0.05-0.20;Imperial;3;33;0.1053
Millet;4;0.05-0.20;Imperial;4;33;0.1188
Millet;4;0.05-0.20;Imperial;1;66;0.0996
Millet;4;0.05-0.20;Imperial;2;66;0.0964
Millet;4;0.05-0.20;Imperial;3;66;0.1071
Millet;4;0.05-0.20;Imperial;4;66;0.1127
Millet;4;0.05-0.20;Imperial;1;100;0.0955
Millet;4;0.05-0.20;Imperial;2;100;0.0846
Millet;4;0.05-0.20;Imperial;3;100;0.0999
Millet;4;0.05-0.20;Imperial;4;100;0.0936
Millet;4;0.05-0.20;Imperial;1;300;0.0817
Millet;4;0.05-0.20;Imperial;2;300;0.0774
Millet;4;0.05-0.20;Imperial;3;300;0.0861
Millet;4;0.05-0.20;Imperial;4;300;0.0851
Millet;4;0.05-0.20;Imperial;1;1500;0.0585
Millet;4;0.05-0.20;Imperial;2;1500;0.0513
Millet;4;0.05-0.20;Imperial;3;1500;0.0536
Millet;4;0.05-0.20;Imperial;4;1500;0.0737
No millet;0;0-0.05;Pérola;1;0;0.3525
No millet;0;0-0.05;Pérola;2;0;0.4174
No millet;0;0-0.05;Pérola;3;0;0.369
No millet;0;0-0.05;Pérola;4;0;0.4539
No millet;0;0-0.05;Pérola;1;1;0.3607
No millet;0;0-0.05;Pérola;2;1;0.4072
No millet;0;0-0.05;Pérola;3;1;0.3681
No millet;0;0-0.05;Pérola;4;1;0.4345
No millet;0;0-0.05;Pérola;1;2;0.3487
No millet;0;0-0.05;Pérola;2;2;0.3775
No millet;0;0-0.05;Pérola;3;2;0.3342
No millet;0;0-0.05;Pérola;4;2;0.3842
No millet;0;0-0.05;Pérola;1;4;0.2772
No millet;0;0-0.05;Pérola;2;4;0.2902
No millet;0;0-0.05;Pérola;3;4;0.2577
No millet;0;0-0.05;Pérola;4;4;0.2951
No millet;0;0-0.05;Pérola;1;6;0.235
No millet;0;0-0.05;Pérola;2;6;0.2393
No millet;0;0-0.05;Pérola;3;6;0.2137
No millet;0;0-0.05;Pérola;4;6;0.2371
No millet;0;0-0.05;Pérola;1;8;0.2028
No millet;0;0-0.05;Pérola;2;8;0.2048
No millet;0;0-0.05;Pérola;3;8;0.1872
No millet;0;0-0.05;Pérola;4;8;0.2174
No millet;0;0-0.05;Pérola;1;9;0.1957
No millet;0;0-0.05;Pérola;2;9;0.1956
No millet;0;0-0.05;Pérola;3;9;0.1794
No millet;0;0-0.05;Pérola;4;9;0.1952
No millet;0;0-0.05;Pérola;1;10;0.1949
No millet;0;0-0.05;Pérola;2;10;0.1894
No millet;0;0-0.05;Pérola;3;10;0.175
No millet;0;0-0.05;Pérola;4;10;0.1855
No millet;0;0-0.05;Pérola;1;33;0.1357
No millet;0;0-0.05;Pérola;2;33;0.1311
No millet;0;0-0.05;Pérola;3;33;0.1205
No millet;0;0-0.05;Pérola;4;33;0.1253
No millet;0;0-0.05;Pérola;1;66;0.1314
No millet;0;0-0.05;Pérola;2;66;0.1223
No millet;0;0-0.05;Pérola;3;66;0.1161
No millet;0;0-0.05;Pérola;4;66;0.1066
No millet;0;0-0.05;Pérola;1;100;0.1078
No millet;0;0-0.05;Pérola;2;100;0.1027
No millet;0;0-0.05;Pérola;3;100;0.0968
No millet;0;0-0.05;Pérola;4;100;0.0967
No millet;0;0-0.05;Pérola;1;300;0.0936
No millet;0;0-0.05;Pérola;2;300;0.0901
No millet;0;0-0.05;Pérola;3;300;0.0832
No millet;0;0-0.05;Pérola;4;300;0.0931
No millet;0;0-0.05;Pérola;1;1500;0.0684
No millet;0;0-0.05;Pérola;2;1500;0.0676
No millet;0;0-0.05;Pérola;3;1500;0.0638
No millet;0;0-0.05;Pérola;4;1500;0.0905
No millet;0;0-0.05;Smooth cayenne;1;0;0.3757
No millet;0;0-0.05;Smooth cayenne;2;0;0.369
No millet;0;0-0.05;Smooth cayenne;3;0;0.3614
No millet;0;0-0.05;Smooth cayenne;4;0;0.3789
No millet;0;0-0.05;Smooth cayenne;1;1;0.3653
No millet;0;0-0.05;Smooth cayenne;2;1;0.3611
No millet;0;0-0.05;Smooth cayenne;3;1;0.3501
No millet;0;0-0.05;Smooth cayenne;4;1;0.3701
No millet;0;0-0.05;Smooth cayenne;1;2;0.354
No millet;0;0-0.05;Smooth cayenne;2;2;0.3393
No millet;0;0-0.05;Smooth cayenne;3;2;0.3354
No millet;0;0-0.05;Smooth cayenne;4;2;0.351
No millet;0;0-0.05;Smooth cayenne;1;4;0.2992
No millet;0;0-0.05;Smooth cayenne;2;4;0.258
No millet;0;0-0.05;Smooth cayenne;3;4;0.2922
No millet;0;0-0.05;Smooth cayenne;4;4;0.2977
No millet;0;0-0.05;Smooth cayenne;1;6;0.2491
No millet;0;0-0.05;Smooth cayenne;2;6;0.2122
No millet;0;0-0.05;Smooth cayenne;3;6;0.2473
No millet;0;0-0.05;Smooth cayenne;4;6;0.249
No millet;0;0-0.05;Smooth cayenne;1;8;0.205
No millet;0;0-0.05;Smooth cayenne;2;8;0.1882
No millet;0;0-0.05;Smooth cayenne;3;8;0.2044
No millet;0;0-0.05;Smooth cayenne;4;8;0.2181
No millet;0;0-0.05;Smooth cayenne;1;9;0.1884
No millet;0;0-0.05;Smooth cayenne;2;9;0.1781
No millet;0;0-0.05;Smooth cayenne;3;9;0.1906
No millet;0;0-0.05;Smooth cayenne;4;9;0.2031
No millet;0;0-0.05;Smooth cayenne;1;10;0.1824
No millet;0;0-0.05;Smooth cayenne;2;10;0.1719
No millet;0;0-0.05;Smooth cayenne;3;10;0.1776
No millet;0;0-0.05;Smooth cayenne;4;10;0.1893
No millet;0;0-0.05;Smooth cayenne;1;33;0.107
No millet;0;0-0.05;Smooth cayenne;2;33;0.1258
No millet;0;0-0.05;Smooth cayenne;3;33;0.1151
No millet;0;0-0.05;Smooth cayenne;4;33;0.1011
No millet;0;0-0.05;Smooth cayenne;1;66;0.1008
No millet;0;0-0.05;Smooth cayenne;2;66;0.1228
No millet;0;0-0.05;Smooth cayenne;3;66;0.114
No millet;0;0-0.05;Smooth cayenne;4;66;0.0916
No millet;0;0-0.05;Smooth cayenne;1;100;0.1005
No millet;0;0-0.05;Smooth cayenne;2;100;0.1023
No millet;0;0-0.05;Smooth cayenne;3;100;0.0985
No millet;0;0-0.05;Smooth cayenne;4;100;0.0869
No millet;0;0-0.05;Smooth cayenne;1;300;0.1191
No millet;0;0-0.05;Smooth cayenne;2;300;0.0906
No millet;0;0-0.05;Smooth cayenne;3;300;0.0811
No millet;0;0-0.05;Smooth cayenne;4;300;0.0848
No millet;0;0-0.05;Smooth cayenne;1;1500;0.1069
No millet;0;0-0.05;Smooth cayenne;2;1500;0.0689
No millet;0;0-0.05;Smooth cayenne;3;1500;0.0524
No millet;0;0-0.05;IAC Fantástico;1;0;0.3434
No millet;0;0-0.05;IAC Fantástico;2;0;0.3701
No millet;0;0-0.05;IAC Fantástico;3;0;0.3872
No millet;0;0-0.05;IAC Fantástico;4;0;0.4234
No millet;0;0-0.05;IAC Fantástico;1;1;0.3238
No millet;0;0-0.05;IAC Fantástico;2;1;0.3592
No millet;0;0-0.05;IAC Fantástico;3;1;0.3897
No millet;0;0-0.05;IAC Fantástico;4;1;0.4037
No millet;0;0-0.05;IAC Fantástico;1;2;0.3076
No millet;0;0-0.05;IAC Fantástico;2;2;0.3426
No millet;0;0-0.05;IAC Fantástico;3;2;0.3715
No millet;0;0-0.05;IAC Fantástico;4;2;0.3623
No millet;0;0-0.05;IAC Fantástico;1;4;0.254
No millet;0;0-0.05;IAC Fantástico;2;4;0.2915
No millet;0;0-0.05;IAC Fantástico;3;4;0.2928
No millet;0;0-0.05;IAC Fantástico;4;4;0.2706
No millet;0;0-0.05;IAC Fantástico;1;6;0.1907
No millet;0;0-0.05;IAC Fantástico;2;6;0.2361
No millet;0;0-0.05;IAC Fantástico;3;6;0.235
No millet;0;0-0.05;IAC Fantástico;4;6;0.2228
No millet;0;0-0.05;IAC Fantástico;1;8;0.1621
No millet;0;0-0.05;IAC Fantástico;2;8;0.2001
No millet;0;0-0.05;IAC Fantástico;3;8;0.2091
No millet;0;0-0.05;IAC Fantástico;4;8;0.1953
No millet;0;0-0.05;IAC Fantástico;1;9;0.1492
No millet;0;0-0.05;IAC Fantástico;2;9;0.1916
No millet;0;0-0.05;IAC Fantástico;3;9;0.1987
No millet;0;0-0.05;IAC Fantástico;4;9;0.1861
No millet;0;0-0.05;IAC Fantástico;1;10;0.1412
No millet;0;0-0.05;IAC Fantástico;2;10;0.1859
No millet;0;0-0.05;IAC Fantástico;3;10;0.1866
No millet;0;0-0.05;IAC Fantástico;4;10;0.1756
No millet;0;0-0.05;IAC Fantástico;1;33;0.0955
No millet;0;0-0.05;IAC Fantástico;2;33;0.1253
No millet;0;0-0.05;IAC Fantástico;3;33;0.1223
No millet;0;0-0.05;IAC Fantástico;4;33;0.1094
No millet;0;0-0.05;IAC Fantástico;1;66;0.0828
No millet;0;0-0.05;IAC Fantástico;2;66;0.1181
No millet;0;0-0.05;IAC Fantástico;3;66;0.1051
No millet;0;0-0.05;IAC Fantástico;4;66;0.0974
No millet;0;0-0.05;IAC Fantástico;1;100;0.078
No millet;0;0-0.05;IAC Fantástico;2;100;0.098
No millet;0;0-0.05;IAC Fantástico;3;100;0.1021
No millet;0;0-0.05;IAC Fantástico;4;100;0.098
No millet;0;0-0.05;IAC Fantástico;1;300;0.0706
No millet;0;0-0.05;IAC Fantástico;2;300;0.0832
No millet;0;0-0.05;IAC Fantástico;3;300;0.0943
No millet;0;0-0.05;IAC Fantástico;4;300;0.0958
No millet;0;0-0.05;IAC Fantástico;1;1500;0.0446
No millet;0;0-0.05;IAC Fantástico;2;1500;0.0645
No millet;0;0-0.05;IAC Fantástico;3;1500;0.0988
No millet;0;0-0.05;IAC Fantástico;4;1500;0.0905
No millet;0;0-0.05;Imperial;1;0;0.3636
No millet;0;0-0.05;Imperial;2;0;0.3996
No millet;0;0-0.05;Imperial;3;0;0.485
No millet;0;0-0.05;Imperial;4;0;0.3964
No millet;0;0-0.05;Imperial;1;1;0.35
No millet;0;0-0.05;Imperial;2;1;0.3904
No millet;0;0-0.05;Imperial;3;1;0.4474
No millet;0;0-0.05;Imperial;4;1;0.3945
No millet;0;0-0.05;Imperial;1;2;0.3328
No millet;0;0-0.05;Imperial;2;2;0.3502
No millet;0;0-0.05;Imperial;3;2;0.3778
No millet;0;0-0.05;Imperial;4;2;0.3639
No millet;0;0-0.05;Imperial;1;4;0.2887
No millet;0;0-0.05;Imperial;2;4;0.2609
No millet;0;0-0.05;Imperial;3;4;0.2911
No millet;0;0-0.05;Imperial;4;4;0.2944
No millet;0;0-0.05;Imperial;1;6;0.2524
No millet;0;0-0.05;Imperial;2;6;0.2131
No millet;0;0-0.05;Imperial;3;6;0.2341
No millet;0;0-0.05;Imperial;4;6;0.2357
No millet;0;0-0.05;Imperial;1;8;0.2172
No millet;0;0-0.05;Imperial;2;8;0.1855
No millet;0;0-0.05;Imperial;3;8;0.2043
No millet;0;0-0.05;Imperial;4;8;0.2041
No millet;0;0-0.05;Imperial;1;9;0.2017
No millet;0;0-0.05;Imperial;2;9;0.1749
No millet;0;0-0.05;Imperial;3;9;0.1916
No millet;0;0-0.05;Imperial;4;9;0.1906
No millet;0;0-0.05;Imperial;1;10;0.1941
No millet;0;0-0.05;Imperial;2;10;0.2278
No millet;0;0-0.05;Imperial;3;10;0.1871
No millet;0;0-0.05;Imperial;4;10;0.1822
No millet;0;0-0.05;Imperial;1;33;0.13
No millet;0;0-0.05;Imperial;2;33;0.1198
No millet;0;0-0.05;Imperial;3;33;0.1135
No millet;0;0-0.05;Imperial;4;33;0.114
No millet;0;0-0.05;Imperial;1;66;0.1213
No millet;0;0-0.05;Imperial;2;66;0.1058
No millet;0;0-0.05;Imperial;3;66;0.1008
No millet;0;0-0.05;Imperial;4;66;0.1038
No millet;0;0-0.05;Imperial;1;100;0.1025
No millet;0;0-0.05;Imperial;2;100;0.0985
No millet;0;0-0.05;Imperial;3;100;0.0961
No millet;0;0-0.05;Imperial;4;100;0.1054
No millet;0;0-0.05;Imperial;1;300;0.0886
No millet;0;0-0.05;Imperial;2;300;0.0795
No millet;0;0-0.05;Imperial;3;300;0.0966
No millet;0;0-0.05;Imperial;4;300;0.1063
No millet;0;0-0.05;Imperial;1;1500;0.0713
No millet;0;0-0.05;Imperial;2;1500;0.0636
No millet;0;0-0.05;Imperial;3;1500;0.0898
No millet;0;0-0.05;Imperial;4;1500;0.1052
No millet;0;0.05-0.20;Pérola;1;0;0.3473
No millet;0;0.05-0.20;Pérola;2;0;0.3781
No millet;0;0.05-0.20;Pérola;3;0;0.4149
No millet;0;0.05-0.20;Pérola;4;0;0.2501
No millet;0;0.05-0.20;Pérola;1;1;0.3514
No millet;0;0.05-0.20;Pérola;2;1;0.3674
No millet;0;0.05-0.20;Pérola;3;1;0.4005
No millet;0;0.05-0.20;Pérola;4;1;0.2878
No millet;0;0.05-0.20;Pérola;1;2;0.344
No millet;0;0.05-0.20;Pérola;2;2;0.322
No millet;0;0.05-0.20;Pérola;3;2;0.3778
No millet;0;0.05-0.20;Pérola;4;2;0.2983
No millet;0;0.05-0.20;Pérola;1;4;0.2446
No millet;0;0.05-0.20;Pérola;2;4;0.254
No millet;0;0.05-0.20;Pérola;3;4;0.2801
No millet;0;0.05-0.20;Pérola;4;4;0.289
No millet;0;0.05-0.20;Pérola;1;6;0.185
No millet;0;0.05-0.20;Pérola;2;6;0.2089
No millet;0;0.05-0.20;Pérola;3;6;0.2272
No millet;0;0.05-0.20;Pérola;4;6;0.2438
No millet;0;0.05-0.20;Pérola;1;8;0.156
No millet;0;0.05-0.20;Pérola;2;8;0.1804
No millet;0;0.05-0.20;Pérola;3;8;0.2254
No millet;0;0.05-0.20;Pérola;4;8;0.2084
No millet;0;0.05-0.20;Pérola;1;9;0.1444
No millet;0;0.05-0.20;Pérola;2;9;0.1723
No millet;0;0.05-0.20;Pérola;3;9;0.1998
No millet;0;0.05-0.20;Pérola;4;9;0.1907
No millet;0;0.05-0.20;Pérola;1;10;0.1409
No millet;0;0.05-0.20;Pérola;2;10;0.1659
No millet;0;0.05-0.20;Pérola;3;10;0.193
No millet;0;0.05-0.20;Pérola;4;10;0.1767
No millet;0;0.05-0.20;Pérola;1;33;0.0987
No millet;0;0.05-0.20;Pérola;2;33;0.1138
No millet;0;0.05-0.20;Pérola;3;33;0.1187
No millet;0;0.05-0.20;Pérola;4;33;0.1218
No millet;0;0.05-0.20;Pérola;1;66;0.0945
No millet;0;0.05-0.20;Pérola;2;66;0.1099
No millet;0;0.05-0.20;Pérola;3;66;0.1176
No millet;0;0.05-0.20;Pérola;4;66;0.1007
No millet;0;0.05-0.20;Pérola;1;100;0.0837
No millet;0;0.05-0.20;Pérola;2;100;0.1019
No millet;0;0.05-0.20;Pérola;3;100;0.0945
No millet;0;0.05-0.20;Pérola;4;100;0.092
No millet;0;0.05-0.20;Pérola;1;300;0.0721
No millet;0;0.05-0.20;Pérola;2;300;0.0861
No millet;0;0.05-0.20;Pérola;3;300;0.0829
No millet;0;0.05-0.20;Pérola;4;300;0.0862
No millet;0;0.05-0.20;Pérola;1;1500;0.049
No millet;0;0.05-0.20;Pérola;2;1500;0.0513
No millet;0;0.05-0.20;Pérola;3;1500;0.0607
No millet;0;0.05-0.20;Pérola;4;1500;0.0585
No millet;0;0.05-0.20;Smooth cayenne;1;0;0.3931
No millet;0;0.05-0.20;Smooth cayenne;2;0;0.4166
No millet;0;0.05-0.20;Smooth cayenne;3;0;0.3173
No millet;0;0.05-0.20;Smooth cayenne;4;0;0.3311
No millet;0;0.05-0.20;Smooth cayenne;1;1;0.3884
No millet;0;0.05-0.20;Smooth cayenne;2;1;0.4177
No millet;0;0.05-0.20;Smooth cayenne;3;1;0.3155
No millet;0;0.05-0.20;Smooth cayenne;4;1;0.3359
No millet;0;0.05-0.20;Smooth cayenne;1;2;0.3706
No millet;0;0.05-0.20;Smooth cayenne;2;2;0.4015
No millet;0;0.05-0.20;Smooth cayenne;3;2;0.3305
No millet;0;0.05-0.20;Smooth cayenne;4;2;0.3324
No millet;0;0.05-0.20;Smooth cayenne;1;4;0.2881
No millet;0;0.05-0.20;Smooth cayenne;2;4;0.3258
No millet;0;0.05-0.20;Smooth cayenne;3;4;0.3035
No millet;0;0.05-0.20;Smooth cayenne;4;4;0.2766
No millet;0;0.05-0.20;Smooth cayenne;1;6;0.2356
No millet;0;0.05-0.20;Smooth cayenne;2;6;0.2612
No millet;0;0.05-0.20;Smooth cayenne;3;6;0.2428
No millet;0;0.05-0.20;Smooth cayenne;4;6;0.214
No millet;0;0.05-0.20;Smooth cayenne;1;8;0.2059
No millet;0;0.05-0.20;Smooth cayenne;2;8;0.218
No millet;0;0.05-0.20;Smooth cayenne;3;8;0.206
No millet;0;0.05-0.20;Smooth cayenne;4;8;0.1837
No millet;0;0.05-0.20;Smooth cayenne;1;9;0.1962
No millet;0;0.05-0.20;Smooth cayenne;2;9;0.1993
No millet;0;0.05-0.20;Smooth cayenne;3;9;0.1853
No millet;0;0.05-0.20;Smooth cayenne;4;9;0.1659
No millet;0;0.05-0.20;Smooth cayenne;1;10;0.1958
No millet;0;0.05-0.20;Smooth cayenne;2;10;0.1908
No millet;0;0.05-0.20;Smooth cayenne;3;10;0.1778
No millet;0;0.05-0.20;Smooth cayenne;4;10;0.1613
No millet;0;0.05-0.20;Smooth cayenne;1;33;0.1318
No millet;0;0.05-0.20;Smooth cayenne;2;33;0.1315
No millet;0;0.05-0.20;Smooth cayenne;3;33;0.1229
No millet;0;0.05-0.20;Smooth cayenne;4;33;0.1094
No millet;0;0.05-0.20;Smooth cayenne;1;66;0.129
No millet;0;0.05-0.20;Smooth cayenne;2;66;0.1281
No millet;0;0.05-0.20;Smooth cayenne;3;66;0.0975
No millet;0;0.05-0.20;Smooth cayenne;4;66;0.0995
No millet;0;0.05-0.20;Smooth cayenne;1;100;0.1033
No millet;0;0.05-0.20;Smooth cayenne;2;100;0.1266
No millet;0;0.05-0.20;Smooth cayenne;3;100;0.0898
No millet;0;0.05-0.20;Smooth cayenne;4;100;0.0909
No millet;0;0.05-0.20;Smooth cayenne;1;300;0.0892
No millet;0;0.05-0.20;Smooth cayenne;2;300;0.0972
No millet;0;0.05-0.20;Smooth cayenne;3;300;0.0826
No millet;0;0.05-0.20;Smooth cayenne;4;300;0.0764
No millet;0;0.05-0.20;Smooth cayenne;1;1500;0.0692
No millet;0;0.05-0.20;Smooth cayenne;2;1500;0.0821
No millet;0;0.05-0.20;Smooth cayenne;3;1500;0.0531
No millet;0;0.05-0.20;Smooth cayenne;4;1500;0.0513
No millet;0;0.05-0.20;IAC Fantástico;1;0;0.3912
No millet;0;0.05-0.20;IAC Fantástico;2;0;0.4729
No millet;0;0.05-0.20;IAC Fantástico;3;0;0.3302
No millet;0;0.05-0.20;IAC Fantástico;4;0;0.2888
No millet;0;0.05-0.20;IAC Fantástico;1;1;0.3793
No millet;0;0.05-0.20;IAC Fantástico;2;1;0.4481
No millet;0;0.05-0.20;IAC Fantástico;3;1;0.3273
No millet;0;0.05-0.20;IAC Fantástico;4;1;0.2881
No millet;0;0.05-0.20;IAC Fantástico;1;2;0.3382
No millet;0;0.05-0.20;IAC Fantástico;2;2;0.3869
No millet;0;0.05-0.20;IAC Fantástico;3;2;0.3247
No millet;0;0.05-0.20;IAC Fantástico;4;2;0.2869
No millet;0;0.05-0.20;IAC Fantástico;1;4;0.2588
No millet;0;0.05-0.20;IAC Fantástico;2;4;0.276
No millet;0;0.05-0.20;IAC Fantástico;3;4;0.2684
No millet;0;0.05-0.20;IAC Fantástico;4;4;0.2589
No millet;0;0.05-0.20;IAC Fantástico;1;6;0.2064
No millet;0;0.05-0.20;IAC Fantástico;2;6;0.2214
No millet;0;0.05-0.20;IAC Fantástico;3;6;0.2075
No millet;0;0.05-0.20;IAC Fantástico;4;6;0.2189
No millet;0;0.05-0.20;IAC Fantástico;1;8;0.1699
No millet;0;0.05-0.20;IAC Fantástico;2;8;0.1961
No millet;0;0.05-0.20;IAC Fantástico;3;8;0.174
No millet;0;0.05-0.20;IAC Fantástico;4;8;0.1987
No millet;0;0.05-0.20;IAC Fantástico;1;9;0.1601
No millet;0;0.05-0.20;IAC Fantástico;2;9;0.1862
No millet;0;0.05-0.20;IAC Fantástico;3;9;0.1588
No millet;0;0.05-0.20;IAC Fantástico;4;9;0.1801
No millet;0;0.05-0.20;IAC Fantástico;1;10;0.1532
No millet;0;0.05-0.20;IAC Fantástico;2;10;0.1786
No millet;0;0.05-0.20;IAC Fantástico;3;10;0.1547
No millet;0;0.05-0.20;IAC Fantástico;4;10;0.1658
No millet;0;0.05-0.20;IAC Fantástico;1;33;0.099
No millet;0;0.05-0.20;IAC Fantástico;2;33;0.1133
No millet;0;0.05-0.20;IAC Fantástico;3;33;0.1059
No millet;0;0.05-0.20;IAC Fantástico;4;33;0.1156
No millet;0;0.05-0.20;IAC Fantástico;1;66;0.0945
No millet;0;0.05-0.20;IAC Fantástico;2;66;0.1116
No millet;0;0.05-0.20;IAC Fantástico;3;66;0.0959
No millet;0;0.05-0.20;IAC Fantástico;4;66;0.105
No millet;0;0.05-0.20;IAC Fantástico;1;100;0.0868
No millet;0;0.05-0.20;IAC Fantástico;2;100;0.0877
No millet;0;0.05-0.20;IAC Fantástico;3;100;0.0882
No millet;0;0.05-0.20;IAC Fantástico;4;100;0.0707
No millet;0;0.05-0.20;IAC Fantástico;1;300;0.0707
No millet;0;0.05-0.20;IAC Fantástico;2;300;0.0773
No millet;0;0.05-0.20;IAC Fantástico;3;300;0.0712
No millet;0;0.05-0.20;IAC Fantástico;4;300;0.0688
No millet;0;0.05-0.20;IAC Fantástico;1;1500;0.045
No millet;0;0.05-0.20;IAC Fantástico;2;1500;0.0553
No millet;0;0.05-0.20;IAC Fantástico;3;1500;0.0499
No millet;0;0.05-0.20;IAC Fantástico;4;1500;0.0651
No millet;0;0.05-0.20;Imperial;1;0;0.3431
No millet;0;0.05-0.20;Imperial;2;0;0.1671
No millet;0;0.05-0.20;Imperial;3;0;0.4736
No millet;0;0.05-0.20;Imperial;4;0;0.3793
No millet;0;0.05-0.20;Imperial;1;1;0.3364
No millet;0;0.05-0.20;Imperial;2;1;0.169
No millet;0;0.05-0.20;Imperial;3;1;0.4604
No millet;0;0.05-0.20;Imperial;4;1;0.3709
No millet;0;0.05-0.20;Imperial;1;2;0.3312
No millet;0;0.05-0.20;Imperial;2;2;0.1684
No millet;0;0.05-0.20;Imperial;3;2;0.4074
No millet;0;0.05-0.20;Imperial;4;2;0.3575
No millet;0;0.05-0.20;Imperial;1;4;0.3218
No millet;0;0.05-0.20;Imperial;2;4;0.1521
No millet;0;0.05-0.20;Imperial;3;4;0.2773
No millet;0;0.05-0.20;Imperial;4;4;0.2777
No millet;0;0.05-0.20;Imperial;1;6;0.2967
No millet;0;0.05-0.20;Imperial;2;6;0.1236
No millet;0;0.05-0.20;Imperial;3;6;0.2198
No millet;0;0.05-0.20;Imperial;4;6;0.2274
No millet;0;0.05-0.20;Imperial;1;8;0.2659
No millet;0;0.05-0.20;Imperial;2;8;0.0967
No millet;0;0.05-0.20;Imperial;3;8;0.1892
No millet;0;0.05-0.20;Imperial;4;8;0.2066
No millet;0;0.05-0.20;Imperial;1;9;0.2513
No millet;0;0.05-0.20;Imperial;2;9;0.0827
No millet;0;0.05-0.20;Imperial;3;9;0.1786
No millet;0;0.05-0.20;Imperial;4;9;0.194
No millet;0;0.05-0.20;Imperial;1;10;0.2463
No millet;0;0.05-0.20;Imperial;2;10;0.0806
No millet;0;0.05-0.20;Imperial;3;10;0.1687
No millet;0;0.05-0.20;Imperial;4;10;0.1892
No millet;0;0.05-0.20;Imperial;1;33;0.1737
No millet;0;0.05-0.20;Imperial;2;33;0.0625
No millet;0;0.05-0.20;Imperial;3;33;0.1128
No millet;0;0.05-0.20;Imperial;4;33;0.123
No millet;0;0.05-0.20;Imperial;1;66;0.1576
No millet;0;0.05-0.20;Imperial;2;66;0.0621
No millet;0;0.05-0.20;Imperial;3;66;0.1056
No millet;0;0.05-0.20;Imperial;4;66;0.1223
No millet;0;0.05-0.20;Imperial;1;100;0.1459
No millet;0;0.05-0.20;Imperial;2;100;0.0552
No millet;0;0.05-0.20;Imperial;3;100;0.088
No millet;0;0.05-0.20;Imperial;4;100;0.0978
No millet;0;0.05-0.20;Imperial;1;300;0.1113
No millet;0;0.05-0.20;Imperial;2;300;0.0543
No millet;0;0.05-0.20;Imperial;3;300;0.0774
No millet;0;0.05-0.20;Imperial;4;300;0.0893
No millet;0;0.05-0.20;Imperial;1;1500;0.0824
No millet;0;0.05-0.20;Imperial;2;1500;0.0389
No millet;0;0.05-0.20;Imperial;3;1500;0.0568
No millet;0;0.05-0.20;Imperial;4;1500;0.0658
No millet;4;0-0.05;Pérola;1;0;0.3979
No millet;4;0-0.05;Pérola;2;0;0.3887
No millet;4;0-0.05;Pérola;3;0;0.3812
No millet;4;0-0.05;Pérola;4;0;0.4199
No millet;4;0-0.05;Pérola;1;1;0.372
No millet;4;0-0.05;Pérola;2;1;0.386
No millet;4;0-0.05;Pérola;3;1;0.3762
No millet;4;0-0.05;Pérola;4;1;0.3996
No millet;4;0-0.05;Pérola;1;2;0.3415
No millet;4;0-0.05;Pérola;2;2;0.3702
No millet;4;0-0.05;Pérola;3;2;0.3711
No millet;4;0-0.05;Pérola;4;2;0.354
No millet;4;0-0.05;Pérola;1;4;0.2639
No millet;4;0-0.05;Pérola;2;4;0.2926
No millet;4;0-0.05;Pérola;3;4;0.3119
No millet;4;0-0.05;Pérola;4;4;0.2769
No millet;4;0-0.05;Pérola;1;6;0.2183
No millet;4;0-0.05;Pérola;2;6;0.2436
No millet;4;0-0.05;Pérola;3;6;0.2517
No millet;4;0-0.05;Pérola;4;6;0.2227
No millet;4;0-0.05;Pérola;1;8;0.1891
No millet;4;0-0.05;Pérola;2;8;0.2171
No millet;4;0-0.05;Pérola;3;8;0.2129
No millet;4;0-0.05;Pérola;4;8;0.1921
No millet;4;0-0.05;Pérola;1;9;0.1771
No millet;4;0-0.05;Pérola;2;9;0.2031
No millet;4;0-0.05;Pérola;3;9;0.1992
No millet;4;0-0.05;Pérola;4;9;0.1819
No millet;4;0-0.05;Pérola;1;10;0.173
No millet;4;0-0.05;Pérola;2;10;0.1919
No millet;4;0-0.05;Pérola;3;10;0.1901
No millet;4;0-0.05;Pérola;4;10;0.1736
No millet;4;0-0.05;Pérola;1;33;0.1174
No millet;4;0-0.05;Pérola;2;33;0.1193
No millet;4;0-0.05;Pérola;3;33;0.1279
No millet;4;0-0.05;Pérola;4;33;0.1187
No millet;4;0-0.05;Pérola;1;66;0.1028
No millet;4;0-0.05;Pérola;2;66;0.11
No millet;4;0-0.05;Pérola;3;66;0.1124
No millet;4;0-0.05;Pérola;4;66;0.1043
No millet;4;0-0.05;Pérola;1;100;0.0993
No millet;4;0-0.05;Pérola;2;100;0.1048
No millet;4;0-0.05;Pérola;3;100;0.1116
No millet;4;0-0.05;Pérola;4;100;0.1022
No millet;4;0-0.05;Pérola;1;300;0.1015
No millet;4;0-0.05;Pérola;2;300;0.1159
No millet;4;0-0.05;Pérola;3;300;0.1236
No millet;4;0-0.05;Pérola;4;300;0.1035
No millet;4;0-0.05;Pérola;1;1500;0.102
No millet;4;0-0.05;Pérola;2;1500;0.1163
No millet;4;0-0.05;Pérola;3;1500;0.1024
No millet;4;0-0.05;Pérola;4;1500;0.1058
No millet;4;0-0.05;Smooth cayenne;1;0;0.4066
No millet;4;0-0.05;Smooth cayenne;2;0;0.3832
No millet;4;0-0.05;Smooth cayenne;3;0;0.4013
No millet;4;0-0.05;Smooth cayenne;4;0;0.4124
No millet;4;0-0.05;Smooth cayenne;1;1;0.3825
No millet;4;0-0.05;Smooth cayenne;2;1;0.365
No millet;4;0-0.05;Smooth cayenne;3;1;0.3803
No millet;4;0-0.05;Smooth cayenne;4;1;0.4041
No millet;4;0-0.05;Smooth cayenne;1;2;0.3607
No millet;4;0-0.05;Smooth cayenne;2;2;0.3405
No millet;4;0-0.05;Smooth cayenne;3;2;0.3499
No millet;4;0-0.05;Smooth cayenne;4;2;0.37
No millet;4;0-0.05;Smooth cayenne;1;4;0.2897
No millet;4;0-0.05;Smooth cayenne;2;4;0.2872
No millet;4;0-0.05;Smooth cayenne;3;4;0.2836
No millet;4;0-0.05;Smooth cayenne;4;4;0.2806
No millet;4;0-0.05;Smooth cayenne;1;6;0.2361
No millet;4;0-0.05;Smooth cayenne;2;6;0.2379
No millet;4;0-0.05;Smooth cayenne;3;6;0.2431
No millet;4;0-0.05;Smooth cayenne;4;6;0.2275
No millet;4;0-0.05;Smooth cayenne;1;8;0.2074
No millet;4;0-0.05;Smooth cayenne;2;8;0.2128
No millet;4;0-0.05;Smooth cayenne;3;8;0.2174
No millet;4;0-0.05;Smooth cayenne;4;8;0.1993
No millet;4;0-0.05;Smooth cayenne;1;9;0.1923
No millet;4;0-0.05;Smooth cayenne;2;9;0.1936
No millet;4;0-0.05;Smooth cayenne;3;9;0.2025
No millet;4;0-0.05;Smooth cayenne;4;9;0.1861
No millet;4;0-0.05;Smooth cayenne;1;10;0.1832
No millet;4;0-0.05;Smooth cayenne;2;10;0.1878
No millet;4;0-0.05;Smooth cayenne;3;10;0.1953
No millet;4;0-0.05;Smooth cayenne;4;10;0.1779
No millet;4;0-0.05;Smooth cayenne;1;33;0.1256
No millet;4;0-0.05;Smooth cayenne;2;33;0.1256
No millet;4;0-0.05;Smooth cayenne;3;33;0.1319
No millet;4;0-0.05;Smooth cayenne;4;33;0.1239
No millet;4;0-0.05;Smooth cayenne;1;66;0.1225
No millet;4;0-0.05;Smooth cayenne;2;66;0.1098
No millet;4;0-0.05;Smooth cayenne;3;66;0.115
No millet;4;0-0.05;Smooth cayenne;4;66;0.1229
No millet;4;0-0.05;Smooth cayenne;1;100;0.1201
No millet;4;0-0.05;Smooth cayenne;2;100;0.11
No millet;4;0-0.05;Smooth cayenne;3;100;0.1112
No millet;4;0-0.05;Smooth cayenne;4;100;0.1187
No millet;4;0-0.05;Smooth cayenne;1;300;0.1291
No millet;4;0-0.05;Smooth cayenne;2;300;0.1123
No millet;4;0-0.05;Smooth cayenne;3;300;0.1043
No millet;4;0-0.05;Smooth cayenne;4;300;0.0882
No millet;4;0-0.05;Smooth cayenne;1;1500;0.1276
No millet;4;0-0.05;Smooth cayenne;2;1500;0.116
No millet;4;0-0.05;Smooth cayenne;3;1500;0.1107
No millet;4;0-0.05;Smooth cayenne;4;1500;0.0721
No millet;4;0-0.05;IAC Fantástico;1;0;0.3768
No millet;4;0-0.05;IAC Fantástico;2;0;0.4434
No millet;4;0-0.05;IAC Fantástico;3;0;0.3964
No millet;4;0-0.05;IAC Fantástico;4;0;0.258
No millet;4;0-0.05;IAC Fantástico;1;1;0.3738
No millet;4;0-0.05;IAC Fantástico;2;1;0.4433
No millet;4;0-0.05;IAC Fantástico;3;1;0.3769
No millet;4;0-0.05;IAC Fantástico;4;1;0.263
No millet;4;0-0.05;IAC Fantástico;1;2;0.345
No millet;4;0-0.05;IAC Fantástico;2;2;0.4239
No millet;4;0-0.05;IAC Fantástico;3;2;0.3726
No millet;4;0-0.05;IAC Fantástico;4;2;0.2608
No millet;4;0-0.05;IAC Fantástico;1;4;0.2724
No millet;4;0-0.05;IAC Fantástico;2;4;0.3259
No millet;4;0-0.05;IAC Fantástico;3;4;0.32
No millet;4;0-0.05;IAC Fantástico;4;4;0.256
No millet;4;0-0.05;IAC Fantástico;1;6;0.2295
No millet;4;0-0.05;IAC Fantástico;2;6;0.2457
No millet;4;0-0.05;IAC Fantástico;3;6;0.2675
No millet;4;0-0.05;IAC Fantástico;4;6;0.2433
No millet;4;0-0.05;IAC Fantástico;1;8;0.2022
No millet;4;0-0.05;IAC Fantástico;2;8;0.2035
No millet;4;0-0.05;IAC Fantástico;3;8;0.2403
No millet;4;0-0.05;IAC Fantástico;4;8;0.2281
No millet;4;0-0.05;IAC Fantástico;1;9;0.1879
No millet;4;0-0.05;IAC Fantástico;2;9;0.1875
No millet;4;0-0.05;IAC Fantástico;3;9;0.2306
No millet;4;0-0.05;IAC Fantástico;4;9;0.2095
No millet;4;0-0.05;IAC Fantástico;1;10;0.1826
No millet;4;0-0.05;IAC Fantástico;2;10;0.1752
No millet;4;0-0.05;IAC Fantástico;3;10;0.2204
No millet;4;0-0.05;IAC Fantástico;4;10;0.1996
No millet;4;0-0.05;IAC Fantástico;1;33;0.1151
No millet;4;0-0.05;IAC Fantástico;2;33;0.1183
No millet;4;0-0.05;IAC Fantástico;3;33;0.1421
No millet;4;0-0.05;IAC Fantástico;4;33;0.1467
No millet;4;0-0.05;IAC Fantástico;1;66;0.1057
No millet;4;0-0.05;IAC Fantástico;2;66;0.1141
No millet;4;0-0.05;IAC Fantástico;3;66;0.1322
No millet;4;0-0.05;IAC Fantástico;4;66;0.125
No millet;4;0-0.05;IAC Fantástico;1;100;0.1063
No millet;4;0-0.05;IAC Fantástico;2;100;0.1133
No millet;4;0-0.05;IAC Fantástico;3;100;0.1455
No millet;4;0-0.05;IAC Fantástico;4;100;0.1078
No millet;4;0-0.05;IAC Fantástico;1;300;0.1092
No millet;4;0-0.05;IAC Fantástico;2;300;0.0927
No millet;4;0-0.05;IAC Fantástico;3;300;0.1829
No millet;4;0-0.05;IAC Fantástico;4;300;0.0924
No millet;4;0-0.05;IAC Fantástico;1;1500;0.1012
No millet;4;0-0.05;IAC Fantástico;2;1500;0.0775
No millet;4;0-0.05;IAC Fantástico;3;1500;0.1282
No millet;4;0-0.05;IAC Fantástico;4;1500;0.0659
No millet;4;0-0.05;Imperial;1;0;0.3946
No millet;4;0-0.05;Imperial;2;0;0.4966
No millet;4;0-0.05;Imperial;3;0;0.3845
No millet;4;0-0.05;Imperial;4;0;0.3417
No millet;4;0-0.05;Imperial;1;1;0.3694
No millet;4;0-0.05;Imperial;2;1;0.4667
No millet;4;0-0.05;Imperial;3;1;0.356
No millet;4;0-0.05;Imperial;4;1;0.3605
No millet;4;0-0.05;Imperial;1;2;0.3414
No millet;4;0-0.05;Imperial;2;2;0.4013
No millet;4;0-0.05;Imperial;3;2;0.3242
No millet;4;0-0.05;Imperial;4;2;0.3568
No millet;4;0-0.05;Imperial;1;4;0.2746
No millet;4;0-0.05;Imperial;2;4;0.311
No millet;4;0-0.05;Imperial;3;4;0.2633
No millet;4;0-0.05;Imperial;4;4;0.2586
No millet;4;0-0.05;Imperial;1;6;0.2337
No millet;4;0-0.05;Imperial;2;6;0.25
No millet;4;0-0.05;Imperial;3;6;0.2238
No millet;4;0-0.05;Imperial;4;6;0.2276
No millet;4;0-0.05;Imperial;1;8;0.2119
No millet;4;0-0.05;Imperial;2;8;0.2173
No millet;4;0-0.05;Imperial;3;8;0.2025
No millet;4;0-0.05;Imperial;4;8;0.1627
No millet;4;0-0.05;Imperial;1;9;0.1997
No millet;4;0-0.05;Imperial;2;9;0.2038
No millet;4;0-0.05;Imperial;3;9;0.192
No millet;4;0-0.05;Imperial;4;9;0.1503
No millet;4;0-0.05;Imperial;1;10;0.1958
No millet;4;0-0.05;Imperial;2;10;0.1936
No millet;4;0-0.05;Imperial;3;10;0.1876
No millet;4;0-0.05;Imperial;4;10;0.1445
No millet;4;0-0.05;Imperial;1;33;0.1254
No millet;4;0-0.05;Imperial;2;33;0.1159
No millet;4;0-0.05;Imperial;3;33;0.1239
No millet;4;0-0.05;Imperial;4;33;0.1084
No millet;4;0-0.05;Imperial;1;66;0.111
No millet;4;0-0.05;Imperial;2;66;0.1056
No millet;4;0-0.05;Imperial;3;66;0.1096
No millet;4;0-0.05;Imperial;4;66;0.0926
No millet;4;0-0.05;Imperial;1;100;0.1115
No millet;4;0-0.05;Imperial;2;100;0.1074
No millet;4;0-0.05;Imperial;3;100;0.1057
No millet;4;0-0.05;Imperial;4;100;0.0888
No millet;4;0-0.05;Imperial;1;300;0.1113
No millet;4;0-0.05;Imperial;2;300;0.0987
No millet;4;0-0.05;Imperial;3;300;0.102
No millet;4;0-0.05;Imperial;4;300;0.0694
No millet;4;0-0.05;Imperial;1;1500;0.1002
No millet;4;0-0.05;Imperial;2;1500;0.0892
No millet;4;0-0.05;Imperial;3;1500;0.0979
No millet;4;0-0.05;Imperial;4;1500;0.0468
No millet;4;0.05-0.20;Pérola;1;0;0.2834
No millet;4;0.05-0.20;Pérola;2;0;0.3309
No millet;4;0.05-0.20;Pérola;3;0;0.2651
No millet;4;0.05-0.20;Pérola;4;0;0.2994
No millet;4;0.05-0.20;Pérola;1;1;0.2771
No millet;4;0.05-0.20;Pérola;2;1;0.3303
No millet;4;0.05-0.20;Pérola;3;1;0.2667
No millet;4;0.05-0.20;Pérola;4;1;0.3121
No millet;4;0.05-0.20;Pérola;1;2;0.2847
No millet;4;0.05-0.20;Pérola;2;2;0.3287
No millet;4;0.05-0.20;Pérola;3;2;0.2701
No millet;4;0.05-0.20;Pérola;4;2;0.3215
No millet;4;0.05-0.20;Pérola;1;4;0.2646
No millet;4;0.05-0.20;Pérola;2;4;0.3228
No millet;4;0.05-0.20;Pérola;3;4;0.2707
No millet;4;0.05-0.20;Pérola;4;4;0.3354
No millet;4;0.05-0.20;Pérola;1;6;0.2155
No millet;4;0.05-0.20;Pérola;2;6;0.296
No millet;4;0.05-0.20;Pérola;3;6;0.2533
No millet;4;0.05-0.20;Pérola;4;6;0.3158
No millet;4;0.05-0.20;Pérola;1;8;0.1795
No millet;4;0.05-0.20;Pérola;2;8;0.2703
No millet;4;0.05-0.20;Pérola;3;8;0.2314
No millet;4;0.05-0.20;Pérola;4;8;0.2705
No millet;4;0.05-0.20;Pérola;1;9;0.1687
No millet;4;0.05-0.20;Pérola;2;9;0.2489
No millet;4;0.05-0.20;Pérola;3;9;0.206
No millet;4;0.05-0.20;Pérola;4;9;0.2443
No millet;4;0.05-0.20;Pérola;1;10;0.1603
No millet;4;0.05-0.20;Pérola;2;10;0.2403
No millet;4;0.05-0.20;Pérola;3;10;0.1907
No millet;4;0.05-0.20;Pérola;4;10;0.2301
No millet;4;0.05-0.20;Pérola;1;33;0.1163
No millet;4;0.05-0.20;Pérola;2;33;0.1629
No millet;4;0.05-0.20;Pérola;3;33;0.1306
No millet;4;0.05-0.20;Pérola;4;33;0.1622
No millet;4;0.05-0.20;Pérola;1;66;0.1069
No millet;4;0.05-0.20;Pérola;2;66;0.153
No millet;4;0.05-0.20;Pérola;3;66;0.1108
No millet;4;0.05-0.20;Pérola;4;66;0.135
No millet;4;0.05-0.20;Pérola;1;100;0.0993
No millet;4;0.05-0.20;Pérola;2;100;0.1375
No millet;4;0.05-0.20;Pérola;3;100;0.0985
No millet;4;0.05-0.20;Pérola;4;100;0.1255
No millet;4;0.05-0.20;Pérola;1;300;0.0792
No millet;4;0.05-0.20;Pérola;2;300;0.1287
No millet;4;0.05-0.20;Pérola;3;300;0.0894
No millet;4;0.05-0.20;Pérola;4;300;0.1183
No millet;4;0.05-0.20;Pérola;1;1500;0.0503
No millet;4;0.05-0.20;Pérola;2;1500;0.1213
No millet;4;0.05-0.20;Pérola;3;1500;0.0513
No millet;4;0.05-0.20;Pérola;4;1500;0.1085
No millet;4;0.05-0.20;Smooth cayenne;1;0;0.2797
No millet;4;0.05-0.20;Smooth cayenne;2;0;0.2891
No millet;4;0.05-0.20;Smooth cayenne;3;0;0.3104
No millet;4;0.05-0.20;Smooth cayenne;4;0;0.3762
No millet;4;0.05-0.20;Smooth cayenne;1;1;0.2837
No millet;4;0.05-0.20;Smooth cayenne;2;1;0.2915
No millet;4;0.05-0.20;Smooth cayenne;3;1;0.3057
No millet;4;0.05-0.20;Smooth cayenne;4;1;0.3714
No millet;4;0.05-0.20;Smooth cayenne;1;2;0.3016
No millet;4;0.05-0.20;Smooth cayenne;2;2;0.3089
No millet;4;0.05-0.20;Smooth cayenne;3;2;0.3008
No millet;4;0.05-0.20;Smooth cayenne;4;2;0.356
No millet;4;0.05-0.20;Smooth cayenne;1;4;0.2896
No millet;4;0.05-0.20;Smooth cayenne;2;4;0.3061
No millet;4;0.05-0.20;Smooth cayenne;3;4;0.266
No millet;4;0.05-0.20;Smooth cayenne;4;4;0.2952
No millet;4;0.05-0.20;Smooth cayenne;1;6;0.2672
No millet;4;0.05-0.20;Smooth cayenne;2;6;0.2858
No millet;4;0.05-0.20;Smooth cayenne;3;6;0.2146
No millet;4;0.05-0.20;Smooth cayenne;4;6;0.2268
No millet;4;0.05-0.20;Smooth cayenne;1;8;0.2303
No millet;4;0.05-0.20;Smooth cayenne;2;8;0.2617
No millet;4;0.05-0.20;Smooth cayenne;3;8;0.1954
No millet;4;0.05-0.20;Smooth cayenne;4;8;0.1903
No millet;4;0.05-0.20;Smooth cayenne;1;9;0.2083
No millet;4;0.05-0.20;Smooth cayenne;2;9;0.2442
No millet;4;0.05-0.20;Smooth cayenne;3;9;0.1665
No millet;4;0.05-0.20;Smooth cayenne;4;9;0.1753
No millet;4;0.05-0.20;Smooth cayenne;1;10;0.1975
No millet;4;0.05-0.20;Smooth cayenne;2;10;0.2319
No millet;4;0.05-0.20;Smooth cayenne;3;10;0.1592
No millet;4;0.05-0.20;Smooth cayenne;4;10;0.1674
No millet;4;0.05-0.20;Smooth cayenne;1;33;0.1255
No millet;4;0.05-0.20;Smooth cayenne;2;33;0.1624
No millet;4;0.05-0.20;Smooth cayenne;3;33;0.1125
No millet;4;0.05-0.20;Smooth cayenne;4;33;0.127
No millet;4;0.05-0.20;Smooth cayenne;1;66;0.1054
No millet;4;0.05-0.20;Smooth cayenne;2;66;0.137
No millet;4;0.05-0.20;Smooth cayenne;3;66;0.1098
No millet;4;0.05-0.20;Smooth cayenne;4;66;0.1136
No millet;4;0.05-0.20;Smooth cayenne;1;100;0.0966
No millet;4;0.05-0.20;Smooth cayenne;2;100;0.128
No millet;4;0.05-0.20;Smooth cayenne;3;100;0.0948
No millet;4;0.05-0.20;Smooth cayenne;4;100;0.1122
No millet;4;0.05-0.20;Smooth cayenne;1;300;0.0841
No millet;4;0.05-0.20;Smooth cayenne;2;300;0.1183
No millet;4;0.05-0.20;Smooth cayenne;3;300;0.0938
No millet;4;0.05-0.20;Smooth cayenne;4;300;0.1167
No millet;4;0.05-0.20;Smooth cayenne;1;1500;0.0634
No millet;4;0.05-0.20;Smooth cayenne;2;1500;0.0912
No millet;4;0.05-0.20;Smooth cayenne;3;1500;0.0646
No millet;4;0.05-0.20;Smooth cayenne;4;1500;0.0731
No millet;4;0.05-0.20;IAC Fantástico;1;0;0.3846
No millet;4;0.05-0.20;IAC Fantástico;2;0;0.2721
No millet;4;0.05-0.20;IAC Fantástico;3;0;0.3795
No millet;4;0.05-0.20;IAC Fantástico;4;0;0.3816
No millet;4;0.05-0.20;IAC Fantástico;1;1;0.3628
No millet;4;0.05-0.20;IAC Fantástico;2;1;0.2625
No millet;4;0.05-0.20;IAC Fantástico;3;1;0.3861
No millet;4;0.05-0.20;IAC Fantástico;4;1;0.392
No millet;4;0.05-0.20;IAC Fantástico;1;2;0.323
No millet;4;0.05-0.20;IAC Fantástico;2;2;0.2656
No millet;4;0.05-0.20;IAC Fantástico;3;2;0.3662
No millet;4;0.05-0.20;IAC Fantástico;4;2;0.392
No millet;4;0.05-0.20;IAC Fantástico;1;4;0.2692
No millet;4;0.05-0.20;IAC Fantástico;2;4;0.2597
No millet;4;0.05-0.20;IAC Fantástico;3;4;0.284
No millet;4;0.05-0.20;IAC Fantástico;4;4;0.2897
No millet;4;0.05-0.20;IAC Fantástico;1;6;0.2324
No millet;4;0.05-0.20;IAC Fantástico;2;6;0.2076
No millet;4;0.05-0.20;IAC Fantástico;3;6;0.2075
No millet;4;0.05-0.20;IAC Fantástico;4;6;0.2114
No millet;4;0.05-0.20;IAC Fantástico;1;8;0.2057
No millet;4;0.05-0.20;IAC Fantástico;2;8;0.1926
No millet;4;0.05-0.20;IAC Fantástico;3;8;0.1614
No millet;4;0.05-0.20;IAC Fantástico;4;8;0.1776
No millet;4;0.05-0.20;IAC Fantástico;1;9;0.1913
No millet;4;0.05-0.20;IAC Fantástico;2;9;0.178
No millet;4;0.05-0.20;IAC Fantástico;3;9;0.1477
No millet;4;0.05-0.20;IAC Fantástico;4;9;0.161
No millet;4;0.05-0.20;IAC Fantástico;1;10;0.1849
No millet;4;0.05-0.20;IAC Fantástico;2;10;0.164
No millet;4;0.05-0.20;IAC Fantástico;3;10;0.1383
No millet;4;0.05-0.20;IAC Fantástico;4;10;0.1525
No millet;4;0.05-0.20;IAC Fantástico;1;33;0.1362
No millet;4;0.05-0.20;IAC Fantástico;2;33;0.125
No millet;4;0.05-0.20;IAC Fantástico;3;33;0.0876
No millet;4;0.05-0.20;IAC Fantástico;4;33;0.1008
No millet;4;0.05-0.20;IAC Fantástico;1;66;0.1254
No millet;4;0.05-0.20;IAC Fantástico;2;66;0.1101
No millet;4;0.05-0.20;IAC Fantástico;3;66;0.0869
No millet;4;0.05-0.20;IAC Fantástico;4;66;0.0846
No millet;4;0.05-0.20;IAC Fantástico;1;100;0.1063
No millet;4;0.05-0.20;IAC Fantástico;2;100;0.1025
No millet;4;0.05-0.20;IAC Fantástico;3;100;0.0767
No millet;4;0.05-0.20;IAC Fantástico;4;100;0.0788
No millet;4;0.05-0.20;IAC Fantástico;1;300;0.0943
No millet;4;0.05-0.20;IAC Fantástico;2;300;0.0915
No millet;4;0.05-0.20;IAC Fantástico;3;300;0.0646
No millet;4;0.05-0.20;IAC Fantástico;4;300;0.0746
No millet;4;0.05-0.20;IAC Fantástico;1;1500;0.0714
No millet;4;0.05-0.20;IAC Fantástico;2;1500;0.0579
No millet;4;0.05-0.20;IAC Fantástico;3;1500;0.0388
No millet;4;0.05-0.20;IAC Fantástico;4;1500;0.0574
No millet;4;0.05-0.20;Imperial;1;0;0.3165
No millet;4;0.05-0.20;Imperial;2;0;0.349
No millet;4;0.05-0.20;Imperial;3;0;0.4273
No millet;4;0.05-0.20;Imperial;4;0;0.3007
No millet;4;0.05-0.20;Imperial;1;1;0.3057
No millet;4;0.05-0.20;Imperial;2;1;0.3308
No millet;4;0.05-0.20;Imperial;3;1;0.41
No millet;4;0.05-0.20;Imperial;4;1;0.2995
No millet;4;0.05-0.20;Imperial;1;2;0.3008
No millet;4;0.05-0.20;Imperial;2;2;0.3097
No millet;4;0.05-0.20;Imperial;3;2;0.4027
No millet;4;0.05-0.20;Imperial;4;2;0.3149
No millet;4;0.05-0.20;Imperial;1;4;0.2496
No millet;4;0.05-0.20;Imperial;2;4;0.2663
No millet;4;0.05-0.20;Imperial;3;4;0.3004
No millet;4;0.05-0.20;Imperial;4;4;0.3104
No millet;4;0.05-0.20;Imperial;1;6;0.1948
No millet;4;0.05-0.20;Imperial;2;6;0.2158
No millet;4;0.05-0.20;Imperial;3;6;0.2303
No millet;4;0.05-0.20;Imperial;4;6;0.27
No millet;4;0.05-0.20;Imperial;1;8;0.1674
No millet;4;0.05-0.20;Imperial;2;8;0.1774
No millet;4;0.05-0.20;Imperial;3;8;0.1941
No millet;4;0.05-0.20;Imperial;4;8;0.2289
No millet;4;0.05-0.20;Imperial;1;9;0.1551
No millet;4;0.05-0.20;Imperial;2;9;0.1694
No millet;4;0.05-0.20;Imperial;3;9;0.1814
No millet;4;0.05-0.20;Imperial;4;9;0.2149
No millet;4;0.05-0.20;Imperial;1;10;0.1504
No millet;4;0.05-0.20;Imperial;2;10;0.1657
No millet;4;0.05-0.20;Imperial;3;10;0.1695
No millet;4;0.05-0.20;Imperial;4;10;0.2057
No millet;4;0.05-0.20;Imperial;1;33;0.1108
No millet;4;0.05-0.20;Imperial;2;33;0.1118
No millet;4;0.05-0.20;Imperial;3;33;0.1276
No millet;4;0.05-0.20;Imperial;4;33;0.1495
No millet;4;0.05-0.20;Imperial;1;66;0.1051
No millet;4;0.05-0.20;Imperial;2;66;0.1111
No millet;4;0.05-0.20;Imperial;3;66;0.1133
No millet;4;0.05-0.20;Imperial;4;66;0.139
No millet;4;0.05-0.20;Imperial;1;100;0.0945
No millet;4;0.05-0.20;Imperial;2;100;0.1044
No millet;4;0.05-0.20;Imperial;3;100;0.1136
No millet;4;0.05-0.20;Imperial;4;100;0.1267
No millet;4;0.05-0.20;Imperial;1;300;0.0815
No millet;4;0.05-0.20;Imperial;2;300;0.0898
No millet;4;0.05-0.20;Imperial;3;300;0.1036
No millet;4;0.05-0.20;Imperial;4;300;0.1244
No millet;4;0.05-0.20;Imperial;1;1500;0.063
No millet;4;0.05-0.20;Imperial;2;1500;0.057
No millet;4;0.05-0.20;Imperial;3;1500;0.0904
No millet;4;0.05-0.20;Imperial;4;1500;0.1011
